{
    "input_parameters": {},
    "output_parameters": {
        "efficiencyRaw": 0.9583499800239712,
        "efficiencyMuon": 0.9483619656412305,
        "efficiencyRaw_err": 0.0019966836220639906,
        "efficiencyMuon_err": 0.002211625021189618,
        "muonWindowMean_x": 4597.079081172976,
        "muonWindowSigma_x": 10.532325714021212,
        "muonWindowMean_y": 4539.50256838884,
        "muonWindowSigma_y": 10.631203915330532
    }
}