HV_top,HV_bot,current_top,current_bot,muon_stream,gamma_stream,muon_CM,gamma_CM,muon_CS,gamma_CS,muon_CM_err,gamma_CM_err,muon_CS_err,gamma_CS_err,efficiency,eff_error,noiseGammaRate,deltaV,current,deltaV_err
7036.0,7036.0,40.61586376202859,33.084136066246664,0.014848031888390633,0.028278972935461485,1.181053563523683,7.4582900519376745,1.7365067466266866,1.5984969011308061,0.08289065958388675,0.40355573312025594,0.11388175757143748,0.08205230762123716,0.9125622237365109,0.002840995150263027,1179.7983882150133,27.348862269300593,73.69999982827525,1.3868834041354694
