HV_top,HV_bot,current_top,current_bot,muon_stream,gamma_stream,muon_CM,gamma_CM,muon_CS,gamma_CS,muon_CM_err,gamma_CM_err,muon_CS_err,gamma_CS_err,efficiency,eff_error,noiseGammaRate,deltaV,current,deltaV_err
6957.0,6957.0,13.664416506306804,8.953432482494643,0.021621288653443392,0.009469583458195985,1.0821012691351564,1.8682951118979778,1.941055558914213,1.7752343160045605,0.14974486458197034,0.12166311654540918,0.23595731143678345,0.1085352126473631,0.9618059398253841,0.0015208114494276738,240.96620367454778,8.113731148629213,22.61784898880145,0.41369889283102024
