{
    "input_parameters": {
        "scanType": "efficiency",
        "scanid": 874,
        "HVPoint": 5,
        "chamberName": "KODEL-E (1.4 mm)",
        "TDC_channel_PMT": -1.0,
        "muonTriggerWindow": 5000,
        "noiseRateTriggerWindow": 5000,
        "timeWindowReject": 100,
        "triggerWindow": 5000,
        "muonWindowWidth": 3,
        "muonClusterTimeWindow": 30,
        "muonClusterTimeWindowUp": 25,
        "muonClusterTimeWindowDw": 35,
        "stripArea": 128,
        "nStrips": 16
    },
    "output_parameters": {
        "muonWindowSigma": 13.47119775011114,
        "muonWindowMean": 4615.268080540855,
        "muonTimeWindowBegin": 4574.854487290522,
        "muonTimeWindowEnd": 4655.681673791189,
        "muonTimeWindow": 80.82718650066636,
        "noiseGammaTimeWindowBegin": 100,
        "noiseGammaTimeWindow": 4900,
        "noiseGammaTimeWindowEnd": 5000,
        "muonCLS": 2.514388489208633,
        "muonCMP": 1.094954226101767,
        "muonCLS_err": 0.505299698716906,
        "muonCMP_err": 0.2753885458803491,
        "gammaCLS": 1.1645940014630578,
        "gammaCMP": 1.6851577909270217,
        "gammaCLS_err": 0.016958476664903355,
        "gammaCMP_err": 0.02490138067061154,
        "muonStreamerProbability": 0.052621088299780745,
        "gammaStreamerProbability": 0.00039613765783609806,
        "efficiencyRaw": 0.992425836313907,
        "efficiencyMuon": 0.9882179675994109,
        "efficiencyFake": 0.016368670490834698,
        "efficiencyMuon_corrected": 0.9880219020611428,
        "efficiencyRaw_err": 0.0008892368861534608,
        "efficiencyMuon_err": 0.0011067195310740735,
        "efficiencyFake_err": 0.001301439472236226,
        "efficiencyMuon_corrected_err": 0.001115779327719341,
        "beamMean": 8.58662125640209,
        "beamSigma": 1.9966474214503092,
        "noiseGammaRate": 39.29300580389683,
        "noiseGammaRate_err": 5.470240827229944
    }
}