{
    "input_parameters": {
        "scanType": "efficiency",
        "scanid": 874,
        "HVPoint": 9,
        "chamberName": "KODEL-E (1.4 mm)",
        "TDC_channel_PMT": -1.0,
        "muonTriggerWindow": 5000,
        "noiseRateTriggerWindow": 5000,
        "timeWindowReject": 100,
        "triggerWindow": 5000,
        "muonWindowWidth": 3,
        "muonClusterTimeWindow": 30,
        "muonClusterTimeWindowUp": 25,
        "muonClusterTimeWindowDw": 35,
        "stripArea": 128,
        "nStrips": 16
    },
    "output_parameters": {
        "muonWindowSigma": 13.47119775011114,
        "muonWindowMean": 4615.268080540855,
        "muonTimeWindowBegin": 4577.768080540855,
        "muonTimeWindowEnd": 4652.768080540855,
        "muonTimeWindow": 75.0,
        "noiseGammaTimeWindowBegin": 100,
        "noiseGammaTimeWindow": 4900,
        "noiseGammaTimeWindowEnd": 5000,
        "muonCLS": 2.5306503985043785,
        "muonCMP": 1.0855586413159581,
        "muonCLS_err": 0.5125242214798962,
        "muonCMP_err": 0.2756889553514206,
        "gammaCLS": 1.1896107613050944,
        "gammaCMP": 1.6590693257359923,
        "gammaCLS_err": 0.01909541351573929,
        "gammaCMP_err": 0.027065527065527117,
        "muonStreamerProbability": 0.05299860529986053,
        "gammaStreamerProbability": 0.0006946856547412296,
        "efficiencyRaw": 0.9900063118030717,
        "efficiencyMuon": 0.984851672627814,
        "efficiencyFake": 0.015153157833720485,
        "efficiencyMuon_corrected": 0.9846185957819943,
        "efficiencyRaw_err": 0.0010201944918981217,
        "efficiencyMuon_err": 0.0012527628020197808,
        "efficiencyFake_err": 0.0012529594523221228,
        "efficiencyMuon_corrected_err": 0.0012622143246266303,
        "beamMean": 8.618937636932994,
        "beamSigma": 1.9825716895526915,
        "noiseGammaRate": 41.133327772491384,
        "noiseGammaRate_err": 5.592782104496874
    }
}