HV_top,HV_bot,current_top,current_bot,muon_stream,gamma_stream,muon_CM,gamma_CM,muon_CS,gamma_CS,muon_CM_err,gamma_CM_err,muon_CS_err,gamma_CS_err,efficiency,eff_error,noiseGammaRate,deltaV,current,deltaV_err
7060.0,7060.0,42.202163838871186,36.301475572429716,0.016381979822195584,0.03404443236632924,1.1708803249772837,7.823210618794589,1.8782525335524514,1.7154221181903873,0.10016569565449784,0.49385015983233504,0.14801704154235895,0.10185827779752077,0.9492093324760359,0.0015646096095334621,1332.9016423551884,29.27254387942935,78.5036394113009,53.82771061960214
