{
    "chamberName": "KODEL-E (1.4 mm)",
    "scanid": 874,
    "HV1": {
        "muonCLS": 2.496333235552948,
        "muonCLS_err": 0.5064657375015063,
        "muonCMP": 1.0923947874385815,
        "muonCMP_err": 0.2780388805810723,
        "gammaCLS": 1.1440135787961876,
        "gammaCLS_err": 0.011972235126936903,
        "gammaCMP": 1.643209611671315,
        "gammaCMP_err": 0.017378245011800075,
        "efficiencyRaw": 99.15665190807505,
        "efficiencyRaw_err": 0.09389074827181665,
        "efficiencyMuon": 98.69281045751634,
        "efficiencyMuon_err": 0.11661931348952168,
        "efficiencyFake": 1.635449209874847,
        "efficiencyFake_err": 0.13022557298676243,
        "efficiencyMuon_corrected": 98.67107659010945,
        "efficiencyMuon_corrected_err": 0.11757184926048596,
        "noiseGammaRate": 43.488897464150774,
        "noiseGammaRate_err": 5.684101347283564,
        "muonStreamerProbability": 5.253695565321614,
        "gammaStreamerProbability": 0.08957452102513062
    },
    "HV2": {
        "muonCLS": 2.511582824464476,
        "muonCLS_err": 0.5000939252252272,
        "muonCMP": 1.0926710442702816,
        "muonCMP_err": 0.27165854691802593,
        "gammaCLS": 1.1392641405820978,
        "gammaCLS_err": 0.012651461860989421,
        "gammaCMP": 1.7482718894009217,
        "gammaCMP_err": 0.01920122887864828,
        "efficiencyRaw": 99.1941391941392,
        "efficiencyRaw_err": 0.09146557684468454,
        "efficiencyMuon": 98.81737310308739,
        "efficiencyMuon_err": 0.11059237447912681,
        "efficiencyFake": 1.6360688312921219,
        "efficiencyFake_err": 0.12977868772409204,
        "efficiencyMuon_corrected": 98.79770269156461,
        "efficiencyMuon_corrected_err": 0.111497213771341,
        "noiseGammaRate": 50.97704352121082,
        "noiseGammaRate_err": 6.053232136275914,
        "muonStreamerProbability": 5.461561294152568,
        "gammaStreamerProbability": 0.08869179600886917
    },
    "HV3": {
        "muonCLS": 2.5160944206008584,
        "muonCLS_err": 0.5049451924704984,
        "muonCMP": 1.0940134457368478,
        "muonCMP_err": 0.2746771956034575,
        "gammaCLS": 1.17328727691422,
        "gammaCLS_err": 0.014674428705010234,
        "gammaCMP": 1.71301775147929,
        "gammaCMP_err": 0.021696252465483346,
        "efficiencyRaw": 99.0418026745288,
        "efficiencyRaw_err": 0.09996397710266713,
        "efficiencyMuon": 98.67326524165526,
        "efficiencyMuon_err": 0.11740824179857065,
        "efficiencyFake": 1.633554933649868,
        "efficiencyFake_err": 0.13007599031396325,
        "efficiencyMuon_corrected": 98.65123238168276,
        "efficiencyMuon_corrected_err": 0.11836589978456766,
        "noiseGammaRate": 39.95576022942746,
        "noiseGammaRate_err": 5.429057709571486,
        "muonStreamerProbability": 5.039496050394961,
        "gammaStreamerProbability": 0.058988349800914316
    },
    "HV4": {
        "muonCLS": 2.504407443682664,
        "muonCLS_err": 0.48832292109337105,
        "muonCMP": 1.0882541036026434,
        "muonCMP_err": 0.2635898529098273,
        "gammaCLS": 1.1503790489317711,
        "gammaCLS_err": 0.013011918923594434,
        "gammaCMP": 1.724096958174905,
        "gammaCMP_err": 0.019724334600760285,
        "efficiencyRaw": 99.0430118834788,
        "efficiencyRaw_err": 0.09983843578903372,
        "efficiencyMuon": 98.66442317804186,
        "efficiencyMuon_err": 0.11771920044485959,
        "efficiencyFake": 1.6335750991579943,
        "efficiencyFake_err": 0.1299946779334047,
        "efficiencyMuon_corrected": 98.64224320106737,
        "efficiencyMuon_corrected_err": 0.11867931728869242,
        "noiseGammaRate": 41.14949842932571,
        "noiseGammaRate_err": 5.524053629423497,
        "muonStreamerProbability": 5.071378656284317,
        "gammaStreamerProbability": 0.06428006329113924
    },
    "HV5": {
        "muonCLS": 2.514388489208633,
        "muonCLS_err": 0.505299698716906,
        "muonCMP": 1.094954226101767,
        "muonCMP_err": 0.2753885458803491,
        "gammaCLS": 1.1645940014630578,
        "gammaCLS_err": 0.016958476664903355,
        "gammaCMP": 1.6851577909270217,
        "gammaCMP_err": 0.02490138067061154,
        "efficiencyRaw": 99.2425836313907,
        "efficiencyRaw_err": 0.08892368861534608,
        "efficiencyMuon": 98.8217967599411,
        "efficiencyMuon_err": 0.11067195310740735,
        "efficiencyFake": 1.6368670490834698,
        "efficiencyFake_err": 0.1301439472236226,
        "efficiencyMuon_corrected": 98.80219020611428,
        "efficiencyMuon_corrected_err": 0.11157793277193409,
        "noiseGammaRate": 39.29300580389683,
        "noiseGammaRate_err": 5.470240827229944,
        "muonStreamerProbability": 5.262108829978074,
        "gammaStreamerProbability": 0.039613765783609804
    },
    "HV6": {
        "muonCLS": 2.5092456706780157,
        "muonCLS_err": 0.49534696631994724,
        "muonCMP": 1.095380988104169,
        "muonCMP_err": 0.26942449898188836,
        "gammaCLS": 1.1646145610278373,
        "gammaCLS_err": 0.014317138688114905,
        "gammaCMP": 1.6296619411123228,
        "gammaCMP_err": 0.02028353326063259,
        "efficiencyRaw": 98.98487892566354,
        "efficiencyRaw_err": 0.10307815953154358,
        "efficiencyMuon": 98.66765358993338,
        "efficiencyMuon_err": 0.11790148731745514,
        "efficiencyFake": 1.6327896468715277,
        "efficiencyFake_err": 0.1303207594120926,
        "efficiencyMuon_corrected": 98.64553807586529,
        "efficiencyMuon_corrected_err": 0.11886265561039976,
        "noiseGammaRate": 43.17819251636321,
        "noiseGammaRate_err": 5.644761369300797,
        "muonStreamerProbability": 5.439456054394561,
        "gammaStreamerProbability": 0.07960595054480323
    },
    "HV7": {
        "muonCLS": 2.528,
        "muonCLS_err": 0.5157300613496933,
        "muonCMP": 1.09356662754721,
        "muonCMP_err": 0.28027312493331924,
        "gammaCLS": 1.150153217568948,
        "gammaCLS_err": 0.014786441667763217,
        "gammaCMP": 1.6516237874314634,
        "gammaCMP_err": 0.02150991142977654,
        "efficiencyRaw": 99.07387918332982,
        "efficiencyRaw_err": 0.09826659187814639,
        "efficiencyMuon": 98.64239107556304,
        "efficiencyMuon_err": 0.11871664768954236,
        "efficiencyFake": 1.6340841380993312,
        "efficiencyFake_err": 0.13006247500608714,
        "efficiencyMuon_corrected": 98.61983806835799,
        "efficiencyMuon_corrected_err": 0.11968498002662932,
        "noiseGammaRate": 44.69207399165791,
        "noiseGammaRate_err": 5.64638620438838,
        "muonStreamerProbability": 4.999000199960008,
        "gammaStreamerProbability": 0.09450855551134102
    },
    "HV8": {
        "muonCLS": 2.510659009052857,
        "muonCLS_err": 0.4934526896410003,
        "muonCMP": 1.0913630086051205,
        "muonCMP_err": 0.26697121002868385,
        "gammaCLS": 1.165878096298358,
        "gammaCLS_err": 0.01220142320554607,
        "gammaCMP": 1.5648954703832754,
        "gammaCMP_err": 0.016550522648083543,
        "efficiencyRaw": 99.03664921465969,
        "efficiencyRaw_err": 0.09995131474475859,
        "efficiencyMuon": 98.56544502617801,
        "efficiencyMuon_err": 0.12168001527019599,
        "efficiencyFake": 1.6334708894899064,
        "efficiencyFake_err": 0.12971126283802237,
        "efficiencyMuon_corrected": 98.54162286013941,
        "efficiencyMuon_corrected_err": 0.12267133550830742,
        "noiseGammaRate": 41.52505785950292,
        "noiseGammaRate_err": 5.399358236418665,
        "muonStreamerProbability": 5.248536561166783,
        "gammaStreamerProbability": 0.06461874937866587
    },
    "HV9": {
        "muonCLS": 2.5304818092428714,
        "muonCLS_err": 0.5126834714664876,
        "muonCMP": 1.08630634479812,
        "muonCMP_err": 0.27600939970091853,
        "gammaCLS": 1.1896107613050944,
        "gammaCLS_err": 0.01909541351573929,