{
    "input_parameters": {
        "scanType": "efficiency",
        "scanid": 874,
        "HVPoint": 10,
        "chamberName": "KODEL-H (1.4 mm)",
        "TDC_channel_PMT": -1,
        "muonTriggerWindow": 5000,
        "noiseRateTriggerWindow": 5000,
        "timeWindowReject": 100,
        "triggerWindow": 5000,
        "muonWindowWidth": 3,
        "muonClusterTimeWindow": 15,
        "muonClusterTimeWindowUp": 10,
        "muonClusterTimeWindowDw": 20,
        "stripArea": 77.7,
        "nStrips": 32
    },
    "output_parameters": {
        "muonWindowSigma": 10.392929706297792,
        "muonWindowMean": 4606.813513031409,
        "muonTimeWindowBegin": 4575.634723912515,
        "muonTimeWindowEnd": 4637.992302150302,
        "muonTimeWindow": 62.35757823778658,
        "noiseGammaTimeWindowBegin": 100,
        "noiseGammaTimeWindow": 4900,
        "noiseGammaTimeWindowEnd": 5000,
        "muonCLS": 1.6875611274117543,
        "muonCMP": 1.1534201620346631,
        "muonCLS_err": 0.1473517628089791,
        "muonCMP_err": 0.11034765665059987,
        "gammaCLS": 1.241566265060241,
        "gammaCMP": 1.4941494149414942,
        "gammaCLS_err": 0.044950588872343156,
        "gammaCMP_err": 0.05310531053105305,
        "gammaCharge": -1,
        "gammaCharge_err": -1,
        "noiseGammaClusterRate": -1,
        "noiseGammaClusterRate_err": -1,
        "efficiencyRaw": 0.977361124962601,
        "efficiencyMuon": 0.9724743193377879,
        "efficiencyFake": 0.012436664050982158,
        "efficiencyMuon_corrected": 0.9721276806659082,
        "efficiencyRaw_err": 0.0014854890130535025,
        "efficiencyMuon_err": 0.0016338891802156258,
        "efficiencyFake_err": 0.001106748451574182,
        "efficiencyMuon_corrected_err": 0.001643851952564391,
        "noiseGammaRate": 8.465453455940267,
        "noiseGammaRate_err": 2.5187773418905373,
        "beamMean": 12.822997270417071,
        "beamSigma": 2.9650027098987475,
        "muonStreamerProbability": 0.013575996064928677,
        "gammaStreamerProbability": 0.0009499050094990501
    }
}