{
    "input_parameters": {
        "scanType": "efficiency",
        "scanid": 874,
        "HVPoint": 10,
        "chamberName": "KODEL-H (1.4 mm)",
        "TDC_channel_PMT": -1,
        "muonTriggerWindow": 5000,
        "noiseRateTriggerWindow": 5000,
        "timeWindowReject": 100,
        "triggerWindow": 5000,
        "muonWindowWidth": 3,
        "muonClusterTimeWindow": 15,
        "muonClusterTimeWindowUp": 10,
        "muonClusterTimeWindowDw": 20,
        "stripArea": 77.7,
        "nStrips": 32
    },
    "output_parameters": {
        "muonWindowSigma": 10.39295298666458,
        "muonWindowMean": 4606.813530734686,
        "muonTimeWindowBegin": 4569.313530734686,
        "muonTimeWindowEnd": 4644.313530734686,
        "muonTimeWindow": 75.0,
        "noiseGammaTimeWindowBegin": 100,
        "noiseGammaTimeWindow": 4900,
        "noiseGammaTimeWindowEnd": 5000,
        "muonCLS": 1.6859350026638253,
        "muonCMP": 1.1547216241156568,
        "muonCLS_err": 0.14653172716520357,
        "muonCMP_err": 0.10991489798010856,
        "gammaCLS": 1.241566265060241,
        "gammaCMP": 1.4941494149414942,
        "gammaCLS_err": 0.044950588872343156,
        "gammaCMP_err": 0.05310531053105305,
        "muonStreamerProbability": 0.01367437284800787,
        "gammaStreamerProbability": 0.0009499050094990501,
        "efficiencyRaw": 0.9773588669459405,
        "efficiencyMuon": 0.9727707959305805,
        "efficiencyFake": 0.014958047851097351,
        "efficiencyMuon_corrected": 0.9723573153305622,
        "efficiencyRaw_err": 0.0014856354605798422,
        "efficiencyMuon_err": 0.0016253948718523723,
        "efficiencyFake_err": 0.0012122745072415749,
        "efficiencyMuon_corrected_err": 0.0016373412475205694,
        "beamMean": 12.822431774116177,
        "beamSigma": 2.9653477318933867,
        "noiseGammaRate": 8.465453455940267,
        "noiseGammaRate_err": 2.5187773418905373
    }
}