{
    "input_parameters": {
        "scanType": "efficiency",
        "scanid": 874,
        "HVPoint": 8,
        "chamberName": "KODEL2D X (vertical strips)",
        "TDC_channel_PMT": -1,
        "muonTriggerWindow": 5000,
        "noiseRateTriggerWindow": 5000,
        "timeWindowReject": 100,
        "triggerWindow": 5000,
        "muonWindowWidth": 3,
        "muonClusterTimeWindow": 15,
        "muonClusterTimeWindowUp": 10,
        "muonClusterTimeWindowDw": 20,
        "stripArea": 64,
        "nStrips": 32
    },
    "output_parameters": {
        "muonWindowSigma": 10.532325714021212,
        "muonWindowMean": 4597.079081172976,
        "muonTimeWindowBegin": 4565.4821040309125,
        "muonTimeWindowEnd": 4628.676058315039,
        "muonTimeWindow": 63.19395428412645,
        "noiseGammaTimeWindowBegin": 100,
        "noiseGammaTimeWindow": 4900,
        "noiseGammaTimeWindowEnd": 5000,
        "muonCLS": 2.545295890845629,
        "muonCMP": 1.2640128346535646,
        "muonCLS_err": 0.28683175344857137,
        "muonCMP_err": 0.1605334402887797,
        "gammaCLS": 1.2560367957071674,
        "gammaCMP": 1.4506533222129552,
        "gammaCLS_err": 0.050259958249711856,
        "gammaCMP_err": 0.06046705587990009,
        "gammaCharge": -1,
        "gammaCharge_err": -1,
        "noiseGammaClusterRate": -1,
        "noiseGammaClusterRate_err": -1,
        "efficiencyRaw": 0.9935509475146344,
        "efficiencyMuon": 0.98948308363925,
        "efficiencyFake": 0.01281099457738304,
        "efficiencyMuon_corrected": 0.9893466030284163,
        "efficiencyRaw_err": 0.0007973230218247333,
        "efficiencyMuon_err": 0.0010161075407063404,
        "efficiencyFake_err": 0.0011201672108874577,
        "efficiencyMuon_corrected_err": 0.001022608894805948,
        "noiseGammaRate": 64.9270388889227,
        "noiseGammaRate_err": 6.348507122321668,
        "beamMean": 22.995264560126177,
        "beamSigma": 3.5917891626681318,
        "muonStreamerProbability": 0.0,
        "gammaStreamerProbability": 0.0
    }
}