{
    "input_parameters": {
        "scanType": "efficiency",
        "scanid": 874,
        "HVPoint": 2,
        "chamberName": "SHiP X",
        "TDC_channel_PMT": -1,
        "muonTriggerWindow": 5000,
        "noiseRateTriggerWindow": 5000,
        "timeWindowReject": 50,
        "triggerWindow": 5000,
        "muonWindowWidth": 3,
        "muonClusterTimeWindow": 15,
        "muonClusterTimeWindowUp": 10,
        "muonClusterTimeWindowDw": 20,
        "stripArea": 70,
        "nStrips": 32
    },
    "output_parameters": {
        "muonWindowSigma": 64.61596353242996,
        "muonWindowMean": 261.31019459320214,
        "muonTimeWindowBegin": 67.46230399591227,
        "muonTimeWindowEnd": 455.158085190492,
        "muonTimeWindow": 387.6957811945797,
        "noiseGammaTimeWindowBegin": 50,
        "noiseGammaTimeWindow": 4950,
        "noiseGammaTimeWindowEnd": 5000,
        "muonCLS": 1.0,
        "muonCMP": 1.0294117647058822,
        "muonCLS_err": 0.0,
        "muonCMP_err": 0.0,
        "gammaCLS": 1.0651013874066169,
        "gammaCMP": 1.1997439180537772,
        "gammaCLS_err": 0.003421096533426038,
        "gammaCMP_err": 0.003841229193341844,
        "gammaCharge": -1,
        "gammaCharge_err": -1,
        "noiseGammaClusterRate": -1,
        "noiseGammaClusterRate_err": -1,
        "efficiencyRaw": 0.04571089344018997,
        "efficiencyMuon": 0.003364005144949045,
        "efficiencyFake": 0.003479444804358341,
        "efficiencyMuon_corrected": 0.0,
        "efficiencyRaw_err": 0.0020774888674000938,
        "efficiencyMuon_err": 0.0005759509208060893,
        "efficiencyFake_err": 0.0005857158459210678,
        "efficiencyMuon_corrected_err": 0.0,
        "noiseGammaRate": 4.434945307081301,
        "noiseGammaRate_err": 0.9925760168340299,
        "beamMean": -2.155823522981205,
        "beamSigma": 2.669833331643793,
        "muonStreamerProbability": 0.0,
        "gammaStreamerProbability": 0.0
    }
}