{
    "input_parameters": {
        "scanType": "efficiency",
        "scanid": 874,
        "HVPoint": 4,
        "chamberName": "KODEL-E (1.4 mm)",
        "TDC_channel_PMT": -1.0,
        "muonTriggerWindow": 5000,
        "noiseRateTriggerWindow": 5000,
        "timeWindowReject": 100,
        "triggerWindow": 5000,
        "muonWindowWidth": 3,
        "muonClusterTimeWindow": 30,
        "muonClusterTimeWindowUp": 25,
        "muonClusterTimeWindowDw": 35,
        "stripArea": 128,
        "nStrips": 16
    },
    "output_parameters": {
        "muonWindowSigma": 13.47119775011114,
        "muonWindowMean": 4615.268080540855,
        "muonTimeWindowBegin": 4574.854487290522,
        "muonTimeWindowEnd": 4655.681673791189,
        "muonTimeWindow": 80.82718650066636,
        "noiseGammaTimeWindowBegin": 100,
        "noiseGammaTimeWindow": 4900,
        "noiseGammaTimeWindowEnd": 5000,
        "muonCLS": 2.504407443682664,
        "muonCMP": 1.0882541036026434,
        "muonCLS_err": 0.48832292109337105,
        "muonCMP_err": 0.2635898529098273,
        "gammaCLS": 1.1503790489317711,
        "gammaCMP": 1.724096958174905,
        "gammaCLS_err": 0.013011918923594434,
        "gammaCMP_err": 0.019724334600760285,
        "muonStreamerProbability": 0.050713786562843165,
        "gammaStreamerProbability": 0.0006428006329113924,
        "efficiencyRaw": 0.990430118834788,
        "efficiencyMuon": 0.9866442317804186,
        "efficiencyFake": 0.016335750991579943,
        "efficiencyMuon_corrected": 0.9864224320106737,
        "efficiencyRaw_err": 0.000998384357890337,
        "efficiencyMuon_err": 0.0011771920044485959,
        "efficiencyFake_err": 0.001299946779334047,
        "efficiencyMuon_corrected_err": 0.0011867931728869242,
        "beamMean": 8.607497727175346,
        "beamSigma": 1.976453187053207,
        "noiseGammaRate": 41.14949842932571,
        "noiseGammaRate_err": 5.524053629423497
    }
}