{
    "input_parameters": {
        "scanType": "efficiency",
        "scanid": 874,
        "HVPoint": 11,
        "chamberName": "KODEL-E (1.4 mm)",
        "TDC_channel_PMT": -1.0,
        "muonTriggerWindow": 5000,
        "noiseRateTriggerWindow": 5000,
        "timeWindowReject": 100,
        "triggerWindow": 5000,
        "muonWindowWidth": 3,
        "muonClusterTimeWindow": 30,
        "muonClusterTimeWindowUp": 25,
        "muonClusterTimeWindowDw": 35,
        "stripArea": 128,
        "nStrips": 16
    },
    "output_parameters": {
        "muonWindowSigma": 13.47119775011114,
        "muonWindowMean": 4615.268080540855,
        "muonTimeWindowBegin": 4577.768080540855,
        "muonTimeWindowEnd": 4652.768080540855,
        "muonTimeWindow": 75.0,
        "noiseGammaTimeWindowBegin": 100,
        "noiseGammaTimeWindow": 4900,
        "noiseGammaTimeWindowEnd": 5000,
        "muonCLS": 2.5079212674027844,
        "muonCMP": 1.0911471974855946,
        "muonCLS_err": 0.5091456322635128,
        "muonCMP_err": 0.2779465688842324,
        "gammaCLS": 1.175862803579037,
        "gammaCMP": 1.8476677819326903,
        "gammaCLS_err": 0.014474060812072365,
        "gammaCMP_err": 0.023026963196221217,
        "muonStreamerProbability": 0.049512747317649375,
        "gammaStreamerProbability": 0.0006424829494909558,
        "efficiencyRaw": 0.992854183927092,
        "efficiencyMuon": 0.9885045567522783,
        "efficiencyFake": 0.015196747713169775,
        "efficiencyMuon_corrected": 0.9883271676641726,
        "efficiencyRaw_err": 0.0008571760407684386,
        "efficiencyMuon_err": 0.0010848097256533078,
        "efficiencyFake_err": 0.0012449486407370034,
        "efficiencyMuon_corrected_err": 0.0010930495808488152,
        "beamMean": 8.607861154237568,
        "beamSigma": 1.9946801161064305,
        "noiseGammaRate": 54.40027208277109,
        "noiseGammaRate_err": 6.399785865156236
    }
}