{
    "input_parameters": {
        "scanType": "efficiency",
        "scanid": 874,
        "HVPoint": 5,
        "chamberName": "KODEL-E (1.4 mm)",
        "TDC_channel_PMT": -1.0,
        "muonTriggerWindow": 5000,
        "noiseRateTriggerWindow": 5000,
        "timeWindowReject": 100,
        "triggerWindow": 5000,
        "muonWindowWidth": 3,
        "muonClusterTimeWindow": 30,
        "muonClusterTimeWindowUp": 25,
        "muonClusterTimeWindowDw": 35,
        "stripArea": 128,
        "nStrips": 16
    },
    "output_parameters": {
        "muonWindowSigma": 13.47119775011114,
        "muonWindowMean": 4615.268080540855,
        "muonTimeWindowBegin": 4577.768080540855,
        "muonTimeWindowEnd": 4652.768080540855,
        "muonTimeWindow": 75.0,
        "noiseGammaTimeWindowBegin": 100,
        "noiseGammaTimeWindow": 4900,
        "noiseGammaTimeWindowEnd": 5000,
        "muonCLS": 2.516053706946877,
        "muonCMP": 1.0941026186927827,
        "muonCLS_err": 0.5056362304639412,
        "muonCMP_err": 0.275175644028103,
        "gammaCLS": 1.1645940014630578,
        "gammaCMP": 1.6851577909270217,
        "gammaCLS_err": 0.016958476664903355,
        "gammaCMP_err": 0.02490138067061154,
        "muonStreamerProbability": 0.05242176599561491,
        "gammaStreamerProbability": 0.00039613765783609806,
        "efficiencyRaw": 0.9924274295330249,
        "efficiencyMuon": 0.9880100967606227,
        "efficiencyFake": 0.01518860594300825,
        "efficiencyMuon_corrected": 0.98782517818972,
        "efficiencyRaw_err": 0.0008890505495344192,
        "efficiencyMuon_err": 0.001116204949666522,
        "efficiencyFake_err": 0.0012542696198975755,
        "efficiencyMuon_corrected_err": 0.0011246742867046344,
        "beamMean": 8.58640355923061,
        "beamSigma": 1.9970448662739613,
        "noiseGammaRate": 39.29300580389683,
        "noiseGammaRate_err": 5.470240827229944
    }
}