{
    "input_parameters": {
        "scanType": "efficiency",
        "scanid": 874,
        "HVPoint": 1,
        "chamberName": "SHiP X",
        "TDC_channel_PMT": -1,
        "muonTriggerWindow": 5000,
        "noiseRateTriggerWindow": 5000,
        "timeWindowReject": 50,
        "triggerWindow": 5000,
        "muonWindowWidth": 3,
        "muonClusterTimeWindow": 15,
        "muonClusterTimeWindowUp": 10,
        "muonClusterTimeWindowDw": 20,
        "stripArea": 70,
        "nStrips": 32
    },
    "output_parameters": {
        "muonWindowSigma": 64.61596353242996,
        "muonWindowMean": 261.31019459320214,
        "muonTimeWindowBegin": 67.46230399591227,
        "muonTimeWindowEnd": 455.158085190492,
        "muonTimeWindow": 387.6957811945797,
        "noiseGammaTimeWindowBegin": 50,
        "noiseGammaTimeWindow": 4950,
        "noiseGammaTimeWindowEnd": 5000,
        "muonCLS": 1.0666666666666667,
        "muonCMP": 1.0975609756097562,
        "muonCLS_err": 0.0,
        "muonCMP_err": 0.0,
        "gammaCLS": 1.0505376344086022,
        "gammaCMP": 1.1877394636015326,
        "gammaCLS_err": 0.0011283970294400092,
        "gammaCMP_err": 0.0012771392081736277,
        "gammaCharge": -1,
        "gammaCharge_err": -1,
        "noiseGammaClusterRate": -1,
        "noiseGammaClusterRate_err": -1,
        "efficiencyRaw": 0.04174990011985617,
        "efficiencyMuon": 0.004095085896923692,
        "efficiencyFake": 0.0032073687391247206,
        "efficiencyMuon_corrected": 0.0008905735555810329,
        "efficiencyRaw_err": 0.00199897211800204,
        "efficiencyMuon_err": 0.0006382341306099826,
        "efficiencyFake_err": 0.0005650884554957384,
        "efficiencyMuon_corrected_err": 0.0002981130620335299,
        "noiseGammaRate": 4.384835810563603,
        "noiseGammaRate_err": 0.9140089698639295,
        "beamMean": -17.555976056865497,
        "beamSigma": 5.2241327857886475,
        "muonStreamerProbability": 0.0,
        "gammaStreamerProbability": 0.0
    }
}