{
    "input_parameters": {
        "scanType": "efficiency",
        "scanid": 874,
        "HVPoint": 6,
        "chamberName": "KODEL2D X (vertical strips)",
        "TDC_channel_PMT": -1,
        "muonTriggerWindow": 5000,
        "noiseRateTriggerWindow": 5000,
        "timeWindowReject": 100,
        "triggerWindow": 5000,
        "muonWindowWidth": 3,
        "muonClusterTimeWindow": 15,
        "muonClusterTimeWindowUp": 10,
        "muonClusterTimeWindowDw": 20,
        "stripArea": 64,
        "nStrips": 32
    },
    "output_parameters": {
        "muonWindowSigma": 10.532325714021212,
        "muonWindowMean": 4597.079081172976,
        "muonTimeWindowBegin": 4565.4821040309125,
        "muonTimeWindowEnd": 4628.676058315039,
        "muonTimeWindow": 63.19395428412645,
        "noiseGammaTimeWindowBegin": 100,
        "noiseGammaTimeWindow": 4900,
        "noiseGammaTimeWindowEnd": 5000,
        "muonCLS": 2.58944,
        "muonCMP": 1.263136620856912,
        "muonCLS_err": 0.2917186966706895,
        "muonCMP_err": 0.16036782538399352,
        "gammaCLS": 1.2553852124975742,
        "gammaCMP": 1.4550331780319075,
        "gammaCLS_err": 0.048257016938701325,
        "gammaCMP_err": 0.05816744317379641,
        "gammaCharge": -1,
        "gammaCharge_err": -1,
        "noiseGammaClusterRate": -1,
        "noiseGammaClusterRate_err": -1,
        "efficiencyRaw": 0.995000499950005,
        "efficiencyMuon": 0.9895010498950105,
        "efficiencyFake": 0.012830958641422759,
        "efficiencyMuon_corrected": 0.989364587355231,
        "efficiencyRaw_err": 0.0007052664495409025,
        "efficiencyMuon_err": 0.0010191998520086272,
        "efficiencyFake_err": 0.0011253914268334047,
        "efficiencyMuon_corrected_err": 0.001025731374083521,
        "noiseGammaRate": 64.14556935516134,
        "noiseGammaRate_err": 6.43817759099399,
        "beamMean": 22.939501986635154,
        "beamSigma": 3.667792334919248,
        "muonStreamerProbability": 0.0,
        "gammaStreamerProbability": 0.0
    }
}