{
    "input_parameters": {
        "scanType": "efficiency",
        "scanid": 874,
        "HVPoint": 8,
        "chamberName": "KODEL-E (1.4 mm)",
        "TDC_channel_PMT": -1.0,
        "muonTriggerWindow": 5000,
        "noiseRateTriggerWindow": 5000,
        "timeWindowReject": 100,
        "triggerWindow": 5000,
        "muonWindowWidth": 3,
        "muonClusterTimeWindow": 30,
        "muonClusterTimeWindowUp": 25,
        "muonClusterTimeWindowDw": 35,
        "stripArea": 128,
        "nStrips": 16
    },
    "output_parameters": {
        "muonWindowSigma": 13.47119775011114,
        "muonWindowMean": 4615.268080540855,
        "muonTimeWindowBegin": 4577.768080540855,
        "muonTimeWindowEnd": 4652.768080540855,
        "muonTimeWindow": 75.0,
        "noiseGammaTimeWindowBegin": 100,
        "noiseGammaTimeWindow": 4900,
        "noiseGammaTimeWindowEnd": 5000,
        "muonCLS": 2.511007208260277,
        "muonCMP": 1.0906193562094975,
        "muonCLS_err": 0.4934757063427688,
        "muonCMP_err": 0.26675873791564864,
        "gammaCLS": 1.165878096298358,
        "gammaCMP": 1.5648954703832754,
        "gammaCLS_err": 0.01220142320554607,
        "gammaCMP_err": 0.016550522648083543,
        "muonStreamerProbability": 0.05248536561166783,
        "gammaStreamerProbability": 0.0006461874937866587,
        "efficiencyRaw": 0.9903664921465969,
        "efficiencyMuon": 0.9856544502617801,
        "efficiencyFake": 0.015157068062827225,
        "efficiencyMuon_corrected": 0.9854336673666303,
        "efficiencyRaw_err": 0.0009995131474475859,
        "efficiencyMuon_err": 0.0012168001527019599,
        "efficiencyFake_err": 0.0012502285173555314,
        "efficiencyMuon_corrected_err": 0.0012259905531175088,
        "beamMean": 8.569785184898262,
        "beamSigma": 1.9890315575622806,
        "noiseGammaRate": 41.52505785950292,
        "noiseGammaRate_err": 5.399358236418665
    }
}