{
    "input_parameters": {
        "scanType": "efficiency",
        "scanid": 874,
        "HVPoint": 6,
        "chamberName": "KODEL-H (1.4 mm)",
        "TDC_channel_PMT": -1,
        "muonTriggerWindow": 5000,
        "noiseRateTriggerWindow": 5000,
        "timeWindowReject": 100,
        "triggerWindow": 5000,
        "muonWindowWidth": 3,
        "muonClusterTimeWindow": 15,
        "muonClusterTimeWindowUp": 10,
        "muonClusterTimeWindowDw": 20,
        "stripArea": 77.7,
        "nStrips": 32
    },
    "output_parameters": {
        "muonWindowSigma": 10.39295298666458,
        "muonWindowMean": 4606.813530734686,
        "muonTimeWindowBegin": 4569.313530734686,
        "muonTimeWindowEnd": 4644.313530734686,
        "muonTimeWindow": 75.0,
        "noiseGammaTimeWindowBegin": 100,
        "noiseGammaTimeWindow": 4900,
        "noiseGammaTimeWindowEnd": 5000,
        "muonCLS": 1.688533477907292,
        "muonCMP": 1.152932597145536,
        "muonCLS_err": 0.14210845308107545,
        "muonCMP_err": 0.1059485363058652,
        "gammaCLS": 1.3853550295857988,
        "gammaCMP": 1.3439363817097416,
        "gammaCLS_err": 0.06634094507875665,
        "gammaCMP_err": 0.06759443339960236,
        "muonStreamerProbability": 0.013998600139986002,
        "gammaStreamerProbability": 0.0014926115727150605,
        "efficiencyRaw": 0.9769800223101105,
        "efficiencyMuon": 0.973430686542947,
        "efficiencyFake": 0.014952223664032085,
        "efficiencyMuon_corrected": 0.973027385985397,
        "efficiencyRaw_err": 0.0015102012012622474,
        "efficiencyMuon_err": 0.001619504664841586,
        "efficiencyFake_err": 0.001222140286872319,
        "efficiencyMuon_corrected_err": 0.0016314116948283608,
        "beamMean": 12.831703515725948,
        "beamSigma": 3.0026493047030027,
        "noiseGammaRate": 7.660285695960576,
        "noiseGammaRate_err": 2.481229881112166
    }
}