{
    "input_parameters": {
        "scanType": "efficiency",
        "scanid": 874,
        "HVPoint": 6,
        "chamberName": "KODEL-H (1.4 mm)",
        "TDC_channel_PMT": -1,
        "muonTriggerWindow": 5000,
        "noiseRateTriggerWindow": 5000,
        "timeWindowReject": 100,
        "triggerWindow": 5000,
        "muonWindowWidth": 3,
        "muonClusterTimeWindow": 15,
        "muonClusterTimeWindowUp": 10,
        "muonClusterTimeWindowDw": 20,
        "stripArea": 77.7,
        "nStrips": 32
    },
    "output_parameters": {
        "muonWindowSigma": 10.392929706297792,
        "muonWindowMean": 4606.813513031409,
        "muonTimeWindowBegin": 4575.634723912515,
        "muonTimeWindowEnd": 4637.992302150302,
        "muonTimeWindow": 62.35757823778658,
        "noiseGammaTimeWindowBegin": 100,
        "noiseGammaTimeWindow": 4900,
        "noiseGammaTimeWindowEnd": 5000,
        "muonCLS": 1.689280868385346,
        "muonCMP": 1.1518024588455928,
        "muonCLS_err": 0.14179992705289646,
        "muonCMP_err": 0.10554282142112936,
        "gammaCLS": 1.3853550295857988,
        "gammaCMP": 1.3439363817097416,
        "gammaCLS_err": 0.06634094507875665,
        "gammaCMP_err": 0.06759443339960236,
        "gammaCharge": -1,
        "gammaCharge_err": -1,
        "noiseGammaClusterRate": -1,
        "noiseGammaClusterRate_err": -1,
        "efficiencyRaw": 0.9769823565199757,
        "efficiencyMuon": 0.9732305820320422,
        "efficiencyFake": 0.012431822595549934,
        "efficiencyMuon_corrected": 0.9728936000769953,
        "efficiencyRaw_err": 0.001510049871811196,
        "efficiencyMuon_err": 0.001625342302983353,
        "efficiencyFake_err": 0.001115753984630342,
        "efficiencyMuon_corrected_err": 0.0016352572938773122,
        "noiseGammaRate": 7.660285695960576,
        "noiseGammaRate_err": 2.481229881112166,
        "beamMean": 12.829483119143411,
        "beamSigma": 3.000978415103665,
        "muonStreamerProbability": 0.013898610138986101,
        "gammaStreamerProbability": 0.0014926115727150605
    }
}