{
    "input_parameters": {
        "scanType": "efficiency",
        "scanid": 874,
        "HVPoint": 11,
        "chamberName": "KODEL-H (1.4 mm)",
        "TDC_channel_PMT": -1,
        "muonTriggerWindow": 5000,
        "noiseRateTriggerWindow": 5000,
        "timeWindowReject": 100,
        "triggerWindow": 5000,
        "muonWindowWidth": 3,
        "muonClusterTimeWindow": 15,
        "muonClusterTimeWindowUp": 10,
        "muonClusterTimeWindowDw": 20,
        "stripArea": 77.7,
        "nStrips": 32
    },
    "output_parameters": {
        "muonWindowSigma": 10.392929706297792,
        "muonWindowMean": 4606.813513031409,
        "muonTimeWindowBegin": 4575.634723912515,
        "muonTimeWindowEnd": 4637.992302150302,
        "muonTimeWindow": 62.35757823778658,
        "noiseGammaTimeWindowBegin": 100,
        "noiseGammaTimeWindow": 4900,
        "noiseGammaTimeWindowEnd": 5000,
        "muonCLS": 1.6894048045894585,
        "muonCMP": 1.1446747383541966,
        "muonCLS_err": 0.13999671514519685,
        "muonCMP_err": 0.10342704699363847,
        "gammaCLS": 1.2932778108268888,
        "gammaCMP": 1.4592013888888888,
        "gammaCLS_err": 0.04743253862058494,
        "gammaCMP_err": 0.05555555555555558,
        "gammaCharge": -1,
        "gammaCharge_err": -1,
        "noiseGammaClusterRate": -1,
        "noiseGammaClusterRate_err": -1,
        "efficiencyRaw": 0.9762853726584296,
        "efficiencyMuon": 0.9711040255081705,
        "efficiencyFake": 0.012422975126190512,
        "efficiencyMuon_corrected": 0.9707405359136198,
        "efficiencyRaw_err": 0.0015188546569943476,
        "efficiencyMuon_err": 0.0016721345617581873,
        "efficiencyFake_err": 0.0011056507642630204,
        "efficiencyMuon_corrected_err": 0.0016823038543158967,
        "noiseGammaRate": 8.833668411360875,
        "noiseGammaRate_err": 2.592311090123163,
        "beamMean": 12.81237755776065,
        "beamSigma": 3.00316657307471,
        "muonStreamerProbability": 0.012107490894773108,
        "gammaStreamerProbability": 0.0016803400217455767
    }
}