{
    "input_parameters": {
        "scanType": "efficiency",
        "scanid": 874,
        "HVPoint": 11,
        "chamberName": "KODEL-H (1.4 mm)",
        "TDC_channel_PMT": -1,
        "muonTriggerWindow": 5000,
        "noiseRateTriggerWindow": 5000,
        "timeWindowReject": 100,
        "triggerWindow": 5000,
        "muonWindowWidth": 3,
        "muonClusterTimeWindow": 15,
        "muonClusterTimeWindowUp": 10,
        "muonClusterTimeWindowDw": 20,
        "stripArea": 77.7,
        "nStrips": 32
    },
    "output_parameters": {
        "muonWindowSigma": 10.39295298666458,
        "muonWindowMean": 4606.813530734686,
        "muonTimeWindowBegin": 4569.313530734686,
        "muonTimeWindowEnd": 4644.313530734686,
        "muonTimeWindow": 75.0,
        "noiseGammaTimeWindowBegin": 100,
        "noiseGammaTimeWindow": 4900,
        "noiseGammaTimeWindowEnd": 5000,
        "muonCLS": 1.6893986916390358,
        "muonCMP": 1.1451000513083633,
        "muonCLS_err": 0.14034363822901108,
        "muonCMP_err": 0.10374551051821435,
        "gammaCLS": 1.2932778108268888,
        "gammaCMP": 1.4592013888888888,
        "gammaCLS_err": 0.04743253862058494,
        "gammaCMP_err": 0.05555555555555558,
        "muonStreamerProbability": 0.012205925780096466,
        "gammaStreamerProbability": 0.0016803400217455767,
        "efficiencyRaw": 0.976283009466866,
        "efficiencyMuon": 0.9711011459890384,
        "efficiencyFake": 0.014941582013971506,
        "efficiencyMuon_corrected": 0.9706628018366201,
        "efficiencyRaw_err": 0.0015190041742646756,
        "efficiencyMuon_err": 0.001672298712651629,
        "efficiencyFake_err": 0.0012110737654084966,
        "efficiencyMuon_corrected_err": 0.001684553553428905,
        "beamMean": 12.813359823990265,
        "beamSigma": 3.0036158331787175,
        "noiseGammaRate": 8.833668411360875,
        "noiseGammaRate_err": 2.592311090123163
    }
}