{
    "input_parameters": {
        "scanType": "efficiency",
        "scanid": 874,
        "HVPoint": 2,
        "chamberName": "KODEL2D Y (horizontal strips)",
        "TDC_channel_PMT": -1,
        "muonTriggerWindow": 5000,
        "noiseRateTriggerWindow": 5000,
        "timeWindowReject": 100,
        "triggerWindow": 5000,
        "muonWindowWidth": 3,
        "muonClusterTimeWindow": 15,
        "muonClusterTimeWindowUp": 10,
        "muonClusterTimeWindowDw": 20,
        "stripArea": 64,
        "nStrips": 32
    },
    "output_parameters": {
        "muonWindowSigma": 10.631203915330532,
        "muonWindowMean": 4539.50256838884,
        "muonTimeWindowBegin": 4507.608956642848,
        "muonTimeWindowEnd": 4571.396180134831,
        "muonTimeWindow": 63.78722349198324,
        "noiseGammaTimeWindowBegin": 100,
        "noiseGammaTimeWindow": 4900,
        "noiseGammaTimeWindowEnd": 5000,
        "muonCLS": 1.7373028175435397,
        "muonCMP": 1.1422768461618582,
        "muonCLS_err": 0.05194235757007659,
        "muonCMP_err": 0.035204666180606026,
        "gammaCLS": 1.318215069495245,
        "gammaCMP": 1.4899182561307902,
        "gammaCLS_err": 0.04471683627969725,
        "gammaCMP_err": 0.052316076294277813,
        "gammaCharge": -1,
        "gammaCharge_err": -1,
        "noiseGammaClusterRate": -1,
        "noiseGammaClusterRate_err": -1,
        "efficiencyRaw": 0.9591372316216483,
        "efficiencyMuon": 0.9499356881369349,
        "efficiencyFake": 0.012479417344895851,
        "efficiencyMuon_corrected": 0.9493030193573694,
        "efficiencyRaw_err": 0.0019692149987670807,
        "efficiencyMuon_err": 0.002169202492147413,
        "efficiencyFake_err": 0.0011042288755865827,
        "efficiencyMuon_corrected_err": 0.002182138670533237,
        "noiseGammaRate": 17.69577934647621,
        "noiseGammaRate_err": 3.5648938923307587,
        "beamMean": 16.02001851650245,
        "beamSigma": 2.0343521525425956,
        "muonStreamerProbability": 0.0,
        "gammaStreamerProbability": 0.0
    }
}