{
    "input_parameters": {
        "scanType": "efficiency",
        "scanid": 874,
        "HVPoint": 8,
        "chamberName": "KODEL-H (1.4 mm)",
        "TDC_channel_PMT": -1,
        "muonTriggerWindow": 5000,
        "noiseRateTriggerWindow": 5000,
        "timeWindowReject": 100,
        "triggerWindow": 5000,
        "muonWindowWidth": 3,
        "muonClusterTimeWindow": 15,
        "muonClusterTimeWindowUp": 10,
        "muonClusterTimeWindowDw": 20,
        "stripArea": 77.7,
        "nStrips": 32
    },
    "output_parameters": {
        "muonWindowSigma": 10.392929706297792,
        "muonWindowMean": 4606.813513031409,
        "muonTimeWindowBegin": 4575.634723912515,
        "muonTimeWindowEnd": 4637.992302150302,
        "muonTimeWindow": 62.35757823778658,
        "noiseGammaTimeWindowBegin": 100,
        "noiseGammaTimeWindow": 4900,
        "noiseGammaTimeWindowEnd": 5000,
        "muonCLS": 1.6875672766415502,
        "muonCMP": 1.1507018992568125,
        "muonCLS_err": 0.15394047302208325,
        "muonCMP_err": 0.11550371593724185,
        "gammaCLS": 1.3510204081632653,
        "gammaCMP": 1.3984018264840183,
        "gammaCLS_err": 0.03391683033045845,
        "gammaCMP_err": 0.03424657534246589,
        "gammaCharge": -1,
        "gammaCharge_err": -1,
        "noiseGammaClusterRate": -1,
        "noiseGammaClusterRate_err": -1,
        "efficiencyRaw": 0.9758153537380833,
        "efficiencyMuon": 0.9722027094831912,
        "efficiencyFake": 0.012416984613617026,
        "efficiencyMuon_corrected": 0.9718532112402385,
        "efficiencyRaw_err": 0.0015389164493707164,
        "efficiencyMuon_err": 0.001646800518426414,
        "efficiencyFake_err": 0.0011093184242834942,
        "efficiencyMuon_corrected_err": 0.0016568229907588082,
        "noiseGammaRate": 6.761960074819889,
        "noiseGammaRate_err": 2.3479590532978873,
        "beamMean": 12.878339443976783,
        "beamSigma": 2.9281584265474976,
        "muonStreamerProbability": 0.011310645897410458,
        "gammaStreamerProbability": 0.0014414951784471617
    }
}