{
    "input_parameters": {
        "scanType": "efficiency",
        "scanid": 874,
        "HVPoint": 8,
        "chamberName": "KODEL-H (1.4 mm)",
        "TDC_channel_PMT": -1,
        "muonTriggerWindow": 5000,
        "noiseRateTriggerWindow": 5000,
        "timeWindowReject": 100,
        "triggerWindow": 5000,
        "muonWindowWidth": 3,
        "muonClusterTimeWindow": 15,
        "muonClusterTimeWindowUp": 10,
        "muonClusterTimeWindowDw": 20,
        "stripArea": 77.7,
        "nStrips": 32
    },
    "output_parameters": {
        "muonWindowSigma": 10.39295298666458,
        "muonWindowMean": 4606.813530734686,
        "muonTimeWindowBegin": 4569.313530734686,
        "muonTimeWindowEnd": 4644.313530734686,
        "muonTimeWindow": 75.0,
        "noiseGammaTimeWindowBegin": 100,
        "noiseGammaTimeWindow": 4900,
        "noiseGammaTimeWindowEnd": 5000,
        "muonCLS": 1.6871193120745254,
        "muonCMP": 1.152353426919901,
        "muonCLS_err": 0.1538239685382179,
        "muonCMP_err": 0.11560693641618491,
        "gammaCLS": 1.3510204081632653,
        "gammaCMP": 1.3984018264840183,
        "gammaCLS_err": 0.03391683033045845,
        "gammaCMP_err": 0.03424657534246589,
        "muonStreamerProbability": 0.011310645897410458,
        "gammaStreamerProbability": 0.0014414951784471617,
        "efficiencyRaw": 0.9758153537380833,
        "efficiencyMuon": 0.9722027094831912,
        "efficiencyFake": 0.014934413303705827,
        "efficiencyMuon_corrected": 0.9717812794475593,
        "efficiencyRaw_err": 0.0015389164493707164,
        "efficiencyMuon_err": 0.001646800518426414,
        "efficiencyFake_err": 0.0012150328089570006,
        "efficiencyMuon_corrected_err": 0.0016588773297823514,
        "beamMean": 12.87767295116692,
        "beamSigma": 2.9278659818278037,
        "noiseGammaRate": 6.761960074819889,
        "noiseGammaRate_err": 2.3479590532978873
    }
}