{
    "input_parameters": {
        "scanType": "efficiency",
        "scanid": 874,
        "HVPoint": 5,
        "chamberName": "KODEL-H (1.4 mm)",
        "TDC_channel_PMT": -1,
        "muonTriggerWindow": 5000,
        "noiseRateTriggerWindow": 5000,
        "timeWindowReject": 100,
        "triggerWindow": 5000,
        "muonWindowWidth": 3,
        "muonClusterTimeWindow": 15,
        "muonClusterTimeWindowUp": 10,
        "muonClusterTimeWindowDw": 20,
        "stripArea": 77.7,
        "nStrips": 32
    },
    "output_parameters": {
        "muonWindowSigma": 10.39295298666458,
        "muonWindowMean": 4606.813530734686,
        "muonTimeWindowBegin": 4569.313530734686,
        "muonTimeWindowEnd": 4644.313530734686,
        "muonTimeWindow": 75.0,
        "noiseGammaTimeWindowBegin": 100,
        "noiseGammaTimeWindow": 4900,
        "noiseGammaTimeWindowEnd": 5000,
        "muonCLS": 1.6880924438024736,
        "muonCMP": 1.1474000414336027,
        "muonCLS_err": 0.13733775811662197,
        "muonCMP_err": 0.10161591050341823,
        "gammaCLS": 1.3813694267515924,
        "gammaCMP": 1.3955555555555557,
        "gammaCLS_err": 0.060973688547635074,
        "gammaCMP_err": 0.0644444444444443,
        "muonStreamerProbability": 0.013254933227028105,
        "gammaStreamerProbability": 0.0010398613518197574,
        "efficiencyRaw": 0.9788910211089789,
        "efficiencyMuon": 0.9750530249469751,
        "efficiencyFake": 0.014981479916479268,
        "efficiencyMuon_corrected": 0.9746735979635087,
        "efficiencyRaw_err": 0.0014446453865986847,
        "efficiencyMuon_err": 0.0015674133199565067,
        "efficiencyFake_err": 0.001220843586343504,
        "efficiencyMuon_corrected_err": 0.0015789806907793662,
        "beamMean": 12.838258437948225,
        "beamSigma": 2.952587844688901,
        "noiseGammaRate": 7.0589545474373985,
        "noiseGammaRate_err": 2.387915447829516
    }
}