{
    "input_parameters": {
        "scanType": "efficiency",
        "scanid": 874,
        "HVPoint": 5,
        "chamberName": "KODEL-H (1.4 mm)",
        "TDC_channel_PMT": -1,
        "muonTriggerWindow": 5000,
        "noiseRateTriggerWindow": 5000,
        "timeWindowReject": 100,
        "triggerWindow": 5000,
        "muonWindowWidth": 3,
        "muonClusterTimeWindow": 15,
        "muonClusterTimeWindowUp": 10,
        "muonClusterTimeWindowDw": 20,
        "stripArea": 77.7,
        "nStrips": 32
    },
    "output_parameters": {
        "muonWindowSigma": 10.392929706297792,
        "muonWindowMean": 4606.813513031409,
        "muonTimeWindowBegin": 4575.634723912515,
        "muonTimeWindowEnd": 4637.992302150302,
        "muonTimeWindow": 62.35757823778658,
        "noiseGammaTimeWindowBegin": 100,
        "noiseGammaTimeWindow": 4900,
        "noiseGammaTimeWindowEnd": 5000,
        "muonCLS": 1.6880477007859789,
        "muonCMP": 1.1465713693805677,
        "muonCLS_err": 0.13729660110965725,
        "muonCMP_err": 0.10151232649678876,
        "gammaCLS": 1.3813694267515924,
        "gammaCMP": 1.3955555555555557,
        "gammaCLS_err": 0.060973688547635074,
        "gammaCMP_err": 0.0644444444444443,
        "gammaCharge": -1,
        "gammaCharge_err": -1,
        "noiseGammaClusterRate": -1,
        "noiseGammaClusterRate_err": -1,
        "efficiencyRaw": 0.9788910211089789,
        "efficiencyMuon": 0.9750530249469751,
        "efficiencyFake": 0.012456117413462456,
        "efficiencyMuon_corrected": 0.9747383630308308,
        "efficiencyRaw_err": 0.0014446453865986847,
        "efficiencyMuon_err": 0.0015674133199565067,
        "efficiencyFake_err": 0.0011146281780938963,
        "efficiencyMuon_corrected_err": 0.001577012893535702,
        "noiseGammaRate": 7.0589545474373985,
        "noiseGammaRate_err": 2.387915447829516,
        "beamMean": 12.837976953874957,
        "beamSigma": 2.951835718009187,
        "muonStreamerProbability": 0.013254933227028105,
        "gammaStreamerProbability": 0.0010398613518197574
    }
}