{
    "chamberName": "KODEL-H (1.4 mm)",
    "scanid": 874,
    "HV1": {
        "imon_KODEL-H-TOP": 3.000000063329935,
        "imon_err_KODEL-H-TOP": 0.12869535244718427,
        "hveff_KODEL-H-TOP": 7300.0,
        "imon_KODEL-H-BOT": 12.247395753860474,
        "imon_err_KODEL-H-BOT": 0.06286143947491316,
        "hveff_KODEL-H-BOT": 7300.0,
        "muonCLS": 1.692427862525271,
        "muonCLS_err": 0.14983635569890374,
        "muonCMP": 1.1397151235860914,
        "muonCMP_err": 0.11070381231671544,
        "gammaCLS": 1.2687193841847446,
        "gammaCLS_err": 0.056820988462819466,
        "gammaCMP": 1.358365019011407,
        "gammaCMP_err": 0.0636882129277565,
        "efficiencyRaw": 97.37349153229896,
        "efficiencyRaw_err": 0.16104575978482294,
        "efficiencyMuon": 96.82587972822229,
        "efficiencyMuon_err": 0.17654155018319972,
        "efficiencyFake": 1.2391785952064858,
        "efficiencyFake_err": 0.11140349574039984,
        "efficiencyMuon_corrected": 96.78605318725747,
        "efficiencyMuon_corrected_err": 0.17760911629407772,
        "noiseGammaRate": 7.415633817188608,
        "noiseGammaRate_err": 2.43138051634108,
        "muonStreamerProbability": 1.5081901717938475,
        "gammaStreamerProbability": 0.13933814381686987
    },
    "HV2": {
        "imon_KODEL-H-TOP": 2.9908654540777206,
        "imon_err_KODEL-H-TOP": 0.12995270619495286,
        "hveff_KODEL-H-TOP": 7300.0,
        "imon_KODEL-H-BOT": 12.227403778296251,
        "imon_err_KODEL-H-BOT": 0.04872414857741669,
        "hveff_KODEL-H-BOT": 7300.0,
        "muonCLS": 1.6936815652486088,
        "muonCLS_err": 0.15029398039541508,
        "muonCMP": 1.1506764432510586,
        "muonCMP_err": 0.11205204998450902,
        "gammaCLS": 1.371685606060606,
        "gammaCLS_err": 0.06141875848032563,
        "gammaCMP": 1.3696498054474708,
        "gammaCMP_err": 0.06420233463035019,
        "efficiencyRaw": 97.88902291917974,
        "efficiencyRaw_err": 0.14412551347881666,
        "efficiencyMuon": 97.33614796944109,
        "efficiencyMuon_err": 0.16144486567778227,
        "efficiencyFake": 1.245739266388415,
        "efficiencyFake_err": 0.11120481956169638,
        "efficiencyMuon_corrected": 97.3025447096965,
        "efficiencyMuon_corrected_err": 0.16243190524862525,
        "noiseGammaRate": 11.733116415332734,
        "noiseGammaRate_err": 2.8452316447373303,
        "muonStreamerProbability": 1.5731671119026416,
        "gammaStreamerProbability": 0.14289233801428924
    },
    "HV3": {
        "imon_KODEL-H-TOP": 2.9958549954112947,
        "imon_err_KODEL-H-TOP": 0.1346013634589776,
        "hveff_KODEL-H-TOP": 7300.0,
        "imon_KODEL-H-BOT": 12.227461088506669,
        "imon_err_KODEL-H-BOT": 0.06293580312388958,
        "hveff_KODEL-H-BOT": 7300.0,
        "muonCLS": 1.7067141032658275,
        "muonCLS_err": 0.15332652438837813,
        "muonCMP": 1.1417560670763462,
        "muonCMP_err": 0.11269659410478061,
        "gammaCLS": 1.518348623853211,
        "gammaCLS_err": 0.06180296928775442,
        "gammaCMP": 1.3005219985085756,
        "gammaCMP_err": 0.055182699478001584,
        "efficiencyRaw": 97.83181357649443,
        "efficiencyRaw_err": 0.14659858762956446,
        "efficiencyMuon": 97.27456940222898,
        "efficiencyMuon_err": 0.16389233617074714,
        "efficiencyFake": 1.2450112182124087,
        "efficiencyFake_err": 0.11161114872417768,
        "efficiencyMuon_corrected": 97.24020970343763,
        "efficiencyMuon_corrected_err": 0.16489307185082377,
        "noiseGammaRate": 10.707208508246257,
        "noiseGammaRate_err": 2.730419226969335,
        "muonStreamerProbability": 1.30986901309869,
        "gammaStreamerProbability": 0.21629061593668583
    },
    "HV4": {
        "imon_KODEL-H-TOP": 2.9979275298242123,
        "imon_err_KODEL-H-TOP": 0.1323202611660478,
        "hveff_KODEL-H-TOP": 7300.0,
        "imon_KODEL-H-BOT": 12.182383497761938,
        "imon_err_KODEL-H-BOT": 0.07053093492410409,
        "hveff_KODEL-H-BOT": 7300.0,
        "muonCLS": 1.6869881710646042,
        "muonCLS_err": 0.14301748485541022,
        "muonCMP": 1.1434814275309542,
        "muonCMP_err": 0.10592029965664329,
        "gammaCLS": 1.3763440860215055,
        "gammaCLS_err": 0.07124604680581914,
        "gammaCMP": 1.3614864864864864,
        "gammaCMP_err": 0.07432432432432434,
        "efficiencyRaw": 97.62506316321374,
        "efficiencyRaw_err": 0.15307307145490628,
        "efficiencyMuon": 97.1298635674583,
        "efficiencyMuon_err": 0.16784938751335074,
        "efficiencyFake": 1.2421228833786242,
        "efficiencyFake_err": 0.11134231711093084,
        "efficiencyMuon_corrected": 97.09376455191276,
        "efficiencyMuon_corrected_err": 0.16887025865322003,
        "noiseGammaRate": 6.763046715348507,
        "noiseGammaRate_err": 2.357884299093094,
        "muonStreamerProbability": 1.2179295198163123,
        "gammaStreamerProbability": 0.14339398734177217
    },
    "HV5": {
        "imon_KODEL-H-TOP": 2.995212839004841,
        "imon_err_KODEL-H-TOP": 0.13538145851735503,
        "hveff_KODEL-H-TOP": 7300.0,
        "imon_KODEL-H-BOT": 12.213297854078577,
        "imon_err_KODEL-H-BOT": 0.06087812417233026,
        "hveff_KODEL-H-BOT": 7300.0,
        "muonCLS": 1.6880477007859789,
        "muonCLS_err": 0.13729660110965725,
        "muonCMP": 1.1465713693805677,
        "muonCMP_err": 0.10151232649678876,
        "gammaCLS": 1.3813694267515924,
        "gammaCLS_err": 0.060973688547635074,
        "gammaCMP": 1.3955555555555557,
        "gammaCMP_err": 0.0644444444444443,
        "efficiencyRaw": 97.88910211089788,
        "efficiencyRaw_err": 0.14446453865986847,
        "efficiencyMuon": 97.5053024946975,
        "efficiencyMuon_err": 0.15674133199565068,
        "efficiencyFake": 1.2456117413462455,
        "efficiencyFake_err": 0.11146281780938963,
        "efficiencyMuon_corrected": 97.47383630308309,
        "efficiencyMuon_corrected_err": 0.1577012893535702,
        "noiseGammaRate": 7.0589545474373985,
        "noiseGammaRate_err": 2.387915447829516,
        "muonStreamerProbability": 1.3254933227028105,
        "gammaStreamerProbability": 0.10398613518197573
    },
    "HV6": {
        "imon_KODEL-H-TOP": 2.986458409577608,
        "imon_err_KODEL-H-TOP": 0.1319878166733054,
        "hveff_KODEL-H-TOP": 7300.0,
        "imon_KODEL-H-BOT": 12.192187512914339,
        "imon_err_KODEL-H-BOT": 0.06839983807149724,
        "hveff_KODEL-H-BOT": 7300.0,
        "muonCLS": 1.689280868385346,
        "muonCLS_err": 0.14179992705289646,
        "muonCMP": 1.1518024588455928,
        "muonCMP_err": 0.10554282142112936,
        "gammaCLS": 1.3853550295857988,
        "gammaCLS_err": 0.06634094507875665,
        "gammaCMP": 1.3439363817097416,
        "gammaCMP_err": 0.06759443339960236,
        "efficiencyRaw": 97.69823565199756,
        "efficiencyRaw_err": 0.1510049871811196,
        "efficiencyMuon": 97.32305820320421,
        "efficiencyMuon_err": 0.1625342302983353,
        "efficiencyFake": 1.2431822595549935,
        "efficiencyFake_err": 0.1115753984630342,
        "efficiencyMuon_corrected": 97.28936000769953,
        "efficiencyMuon_corrected_err": 0.16352572938773122,
        "noiseGammaRate": 7.660285695960576,
        "noiseGammaRate_err": 2.481229881112166,
        "muonStreamerProbability": 1.38986101389861,
        "gammaStreamerProbability": 0.14926115727150605
    },
    "HV7": {
        "imon_KODEL-H-TOP": 2.98191496159168,
        "imon_err_KODEL-H-TOP": 0.13285950051295944,
        "hveff_KODEL-H-TOP": 7300.0,
        "imon_KODEL-H-BOT": 12.22765949431886,
        "imon_err_KODEL-H-BOT": 0.052398442330044176,
        "hveff_KODEL-H-BOT": 7300.0,
        "muonCLS": 1.6961541958359851,
        "muonCLS_err": 0.15037575520295832,
        "muonCMP": 1.1448943478713438,
        "muonCMP_err": 0.11137712084938056,
        "gammaCLS": 1.3570205479452055,