{
    "chamberName": "KODEL-H (1.4 mm)",
    "scanid": 874,
    "HV1": {
        "imon_KODEL-H-TOP": 3.000000063329935,
        "imon_err_KODEL-H-TOP": 0.12869535244718427,
        "hveff_KODEL-H-TOP": 7300.0,
        "imon_KODEL-H-BOT": 12.247395753860474,
        "imon_err_KODEL-H-BOT": 0.06286143947491316,
        "hveff_KODEL-H-BOT": 7300.0,
        "muonCLS": 1.6914893617021276,
        "muonCLS_err": 0.14960673337910468,
        "muonCMP": 1.141780104712042,
        "muonCMP_err": 0.11078534031413612,
        "gammaCLS": 1.2687193841847446,
        "gammaCLS_err": 0.056820988462819466,
        "gammaCMP": 1.358365019011407,
        "gammaCMP_err": 0.0636882129277565,
        "efficiencyRaw": 97.37349153229896,
        "efficiencyRaw_err": 0.16104575978482294,
        "efficiencyMuon": 96.84616164689179,
        "efficiencyMuon_err": 0.17599504553959974,
        "efficiencyFake": 1.4904105846780453,
        "efficiencyFake_err": 0.1220202015941948,
        "efficiencyMuon_corrected": 96.79844533732503,
        "efficiencyMuon_corrected_err": 0.17727772604546463,
        "noiseGammaRate": 7.415633817188608,
        "noiseGammaRate_err": 2.43138051634108,
        "muonStreamerProbability": 1.5081901717938475,
        "gammaStreamerProbability": 0.13933814381686987
    },
    "HV2": {
        "imon_KODEL-H-TOP": 2.9908654540777206,
        "imon_err_KODEL-H-TOP": 0.12995270619495286,
        "hveff_KODEL-H-TOP": 7300.0,
        "imon_KODEL-H-BOT": 12.227403778296251,
        "imon_err_KODEL-H-BOT": 0.04872414857741669,
        "hveff_KODEL-H-BOT": 7300.0,
        "muonCLS": 1.69332138054684,
        "muonCLS_err": 0.15022849597858556,
        "muonCMP": 1.152019002375297,
        "muonCMP_err": 0.1121553237632964,
        "gammaCLS": 1.371685606060606,
        "gammaCLS_err": 0.06141875848032563,
        "gammaCMP": 1.3696498054474708,
        "gammaCMP_err": 0.06420233463035019,
        "efficiencyRaw": 97.88902291917974,
        "efficiencyRaw_err": 0.14412551347881666,
        "efficiencyMuon": 97.33614796944109,
        "efficiencyMuon_err": 0.16144486567778227,
        "efficiencyFake": 1.4983013712119346,
        "efficiencyFake_err": 0.12180175897071958,
        "efficiencyMuon_corrected": 97.29562833165156,
        "efficiencyMuon_corrected_err": 0.16263423230587082,
        "noiseGammaRate": 11.733116415332734,
        "noiseGammaRate_err": 2.8452316447373303,
        "muonStreamerProbability": 1.5731671119026416,
        "gammaStreamerProbability": 0.14289233801428924
    },
    "HV3": {
        "imon_KODEL-H-TOP": 2.9958549954112947,
        "imon_err_KODEL-H-TOP": 0.1346013634589776,
        "hveff_KODEL-H-TOP": 7300.0,
        "imon_KODEL-H-BOT": 12.227461088506669,
        "imon_err_KODEL-H-BOT": 0.06293580312388958,
        "hveff_KODEL-H-BOT": 7300.0,
        "muonCLS": 1.7055874578434054,
        "muonCLS_err": 0.15285324491501773,
        "muonCMP": 1.1426934694302677,
        "muonCMP_err": 0.11248828247057596,
        "gammaCLS": 1.518348623853211,
        "gammaCLS_err": 0.06180296928775442,
        "gammaCMP": 1.3005219985085756,
        "gammaCMP_err": 0.055182699478001584,
        "efficiencyRaw": 97.83159387982572,
        "efficiencyRaw_err": 0.1466132774598273,
        "efficiencyMuon": 97.28442598034248,
        "efficiencyMuon_err": 0.16361228439136397,
        "efficiencyFake": 1.4974223553034547,
        "efficiencyFake_err": 0.12225295897578298,
        "efficiencyMuon_corrected": 97.24314420537021,
        "efficiencyMuon_corrected_err": 0.16481621891023754,
        "noiseGammaRate": 10.707208508246257,
        "noiseGammaRate_err": 2.730419226969335,
        "muonStreamerProbability": 1.31986801319868,
        "gammaStreamerProbability": 0.21629061593668583
    },
    "HV4": {
        "imon_KODEL-H-TOP": 2.9979275298242123,
        "imon_err_KODEL-H-TOP": 0.1323202611660478,
        "hveff_KODEL-H-TOP": 7300.0,
        "imon_KODEL-H-BOT": 12.182383497761938,
        "imon_err_KODEL-H-BOT": 0.07053093492410409,
        "hveff_KODEL-H-BOT": 7300.0,
        "muonCLS": 1.686500726744186,
        "muonCLS_err": 0.14327545658624752,
        "muonCMP": 1.1449968795506553,
        "muonCMP_err": 0.10630330767630536,
        "gammaCLS": 1.3763440860215055,
        "gammaCLS_err": 0.07124604680581914,
        "gammaCMP": 1.3614864864864864,
        "gammaCMP_err": 0.07432432432432434,
        "efficiencyRaw": 97.62506316321374,
        "efficiencyRaw_err": 0.15307307145490628,
        "efficiencyMuon": 97.16018191005558,
        "efficiencyMuon_err": 0.16698656111427249,
        "efficiencyFake": 1.493951800022687,
        "efficiencyFake_err": 0.12195281852662089,
        "efficiencyMuon_corrected": 97.11711296733853,
        "efficiencyMuon_corrected_err": 0.16821076844189856,
        "noiseGammaRate": 6.763046715348507,
        "noiseGammaRate_err": 2.357884299093094,
        "muonStreamerProbability": 1.2179295198163123,
        "gammaStreamerProbability": 0.14339398734177217
    },
    "HV5": {
        "imon_KODEL-H-TOP": 2.995212839004841,
        "imon_err_KODEL-H-TOP": 0.13538145851735503,
        "hveff_KODEL-H-TOP": 7300.0,
        "imon_KODEL-H-BOT": 12.213297854078577,
        "imon_err_KODEL-H-BOT": 0.06087812417233026,
        "hveff_KODEL-H-BOT": 7300.0,
        "muonCLS": 1.6880924438024736,
        "muonCLS_err": 0.13733775811662197,
        "muonCMP": 1.1474000414336027,
        "muonCMP_err": 0.10161591050341823,
        "gammaCLS": 1.3813694267515924,
        "gammaCLS_err": 0.060973688547635074,
        "gammaCMP": 1.3955555555555557,
        "gammaCMP_err": 0.0644444444444443,
        "efficiencyRaw": 97.88910211089788,
        "efficiencyRaw_err": 0.14446453865986847,
        "efficiencyMuon": 97.5053024946975,
        "efficiencyMuon_err": 0.15674133199565068,
        "efficiencyFake": 1.4981479916479268,
        "efficiencyFake_err": 0.1220843586343504,
        "efficiencyMuon_corrected": 97.46735979635088,
        "efficiencyMuon_corrected_err": 0.15789806907793663,
        "noiseGammaRate": 7.0589545474373985,
        "noiseGammaRate_err": 2.387915447829516,
        "muonStreamerProbability": 1.3254933227028105,
        "gammaStreamerProbability": 0.10398613518197573
    },
    "HV6": {
        "imon_KODEL-H-TOP": 2.986458409577608,
        "imon_err_KODEL-H-TOP": 0.1319878166733054,
        "hveff_KODEL-H-TOP": 7300.0,
        "imon_KODEL-H-BOT": 12.192187512914339,
        "imon_err_KODEL-H-BOT": 0.06839983807149724,
        "hveff_KODEL-H-BOT": 7300.0,
        "muonCLS": 1.688533477907292,
        "muonCLS_err": 0.14210845308107545,
        "muonCMP": 1.152932597145536,
        "muonCMP_err": 0.1059485363058652,
        "gammaCLS": 1.3853550295857988,
        "gammaCLS_err": 0.06634094507875665,
        "gammaCMP": 1.3439363817097416,
        "gammaCMP_err": 0.06759443339960236,
        "efficiencyRaw": 97.69800223101105,
        "efficiencyRaw_err": 0.15102012012622473,
        "efficiencyMuon": 97.3430686542947,
        "efficiencyMuon_err": 0.1619504664841586,
        "efficiencyFake": 1.4952223664032085,
        "efficiencyFake_err": 0.12221402868723188,
        "efficiencyMuon_corrected": 97.30273859853969,
        "efficiencyMuon_corrected_err": 0.16314116948283608,
        "noiseGammaRate": 7.660285695960576,
        "noiseGammaRate_err": 2.481229881112166,
        "muonStreamerProbability": 1.3998600139986002,
        "gammaStreamerProbability": 0.14926115727150605
    },
    "HV7": {
        "imon_KODEL-H-TOP": 2.98191496159168,
        "imon_err_KODEL-H-TOP": 0.13285950051295944,
        "hveff_KODEL-H-TOP": 7300.0,
        "imon_KODEL-H-BOT": 12.22765949431886,
        "imon_err_KODEL-H-BOT": 0.052398442330044176,
        "hveff_KODEL-H-BOT": 7300.0,
        "muonCLS": 1.6958140379551438,
        "muonCLS_err": 0.15055506062600266,
        "muonCMP": 1.1462323064113238,
        "muonCMP_err": 0.11167776852622824,
        "gammaCLS": 1.3570205479452055,