{
    "input_parameters": {
        "scanType": "efficiency",
        "scanid": 874,
        "HVPoint": 11,
        "chamberName": "RE-1 B (2 mm)",
        "TDC_channel_PMT": -1,
        "muonTriggerWindow": 5000,
        "noiseRateTriggerWindow": 5000,
        "timeWindowReject": 100,
        "triggerWindow": 5000,
        "muonWindowWidth": 3,
        "muonClusterTimeWindow": 15,
        "muonClusterTimeWindowUp": 10,
        "muonClusterTimeWindowDw": 20,
        "stripArea": 20.95,
        "nStrips": 32
    },
    "output_parameters": {
        "muonWindowSigma": 0.250170469366215,
        "muonWindowMean": 209.08077706002993,
        "muonTimeWindowBegin": 208.33026565193128,
        "muonTimeWindowEnd": 209.83128846812858,
        "muonTimeWindow": 1.5010228161972918,
        "noiseGammaTimeWindowBegin": 100,
        "noiseGammaTimeWindow": 4900,
        "noiseGammaTimeWindowEnd": 5000,
        "muonCLS": 1.0,
        "muonCMP": 1.0,
        "muonCLS_err": 0.0,
        "muonCMP_err": 0.0,
        "gammaCLS": 1.0,
        "gammaCMP": 1.1111111111111112,
        "gammaCLS_err": 0.0,
        "gammaCMP_err": 0.0,
        "gammaCharge": -1,
        "gammaCharge_err": -1,
        "noiseGammaClusterRate": -1,
        "noiseGammaClusterRate_err": -1,
        "efficiencyRaw": 0.0003937395412934344,
        "efficiencyMuon": 9.84348853233586e-05,
        "efficiencyFake": 1.2061470104500016e-07,
        "efficiencyMuon_corrected": 9.831428248046139e-05,
        "efficiencyRaw_err": 0.00019683100912426104,
        "efficiencyMuon_err": 9.843004049080623e-05,
        "efficiencyFake_err": 3.445677412883322e-06,
        "efficiencyMuon_corrected_err": 9.83697294889264e-05,
        "noiseGammaRate": 0.16047851329033538,
        "noiseGammaRate_err": 0.1034338801007147,
        "beamMean": 29.665849069628397,
        "beamSigma": 0.2361295142375587,
        "muonStreamerProbability": 0.0,
        "gammaStreamerProbability": 0.0
    }
}