{
    "input_parameters": {
        "scanType": "efficiency",
        "scanid": 874,
        "HVPoint": 3,
        "chamberName": "KODEL2D Y (horizontal strips)",
        "TDC_channel_PMT": -1,
        "muonTriggerWindow": 5000,
        "noiseRateTriggerWindow": 5000,
        "timeWindowReject": 100,
        "triggerWindow": 5000,
        "muonWindowWidth": 3,
        "muonClusterTimeWindow": 15,
        "muonClusterTimeWindowUp": 10,
        "muonClusterTimeWindowDw": 20,
        "stripArea": 64,
        "nStrips": 32
    },
    "output_parameters": {
        "muonWindowSigma": 10.631203915330532,
        "muonWindowMean": 4539.50256838884,
        "muonTimeWindowBegin": 4507.608956642848,
        "muonTimeWindowEnd": 4571.396180134831,
        "muonTimeWindow": 63.78722349198324,
        "noiseGammaTimeWindowBegin": 100,
        "noiseGammaTimeWindow": 4900,
        "noiseGammaTimeWindowEnd": 5000,
        "muonCLS": 1.695138953434334,
        "muonCMP": 1.1343173431734317,
        "muonCLS_err": 0.04747430441454892,
        "muonCMP_err": 0.03268318397469683,
        "gammaCLS": 1.4335431321732692,
        "gammaCMP": 1.5242663656884876,
        "gammaCLS_err": 0.05854313217326923,
        "gammaCMP_err": 0.06489841986455969,
        "gammaCharge": -1,
        "gammaCharge_err": -1,
        "noiseGammaClusterRate": -1,
        "noiseGammaClusterRate_err": -1,
        "efficiencyRaw": 0.9592040795920408,
        "efficiencyMuon": 0.9484051594840516,
        "efficiencyFake": 0.012484124251077162,
        "efficiencyMuon_corrected": 0.9477529001983696,
        "efficiencyRaw_err": 0.0019780723069689607,
        "efficiencyMuon_err": 0.0022119656452139276,
        "efficiencyFake_err": 0.0011102719571772464,
        "efficiencyMuon_corrected_err": 0.002225137953589314,
        "noiseGammaRate": 18.96681102761116,
        "noiseGammaRate_err": 3.8139620854851914,
        "beamMean": 15.971276824759723,
        "beamSigma": 2.0033163027675873,
        "muonStreamerProbability": 0.0,
        "gammaStreamerProbability": 0.0
    }
}