{
    "input_parameters": {
        "scanType": "efficiency",
        "scanid": 874,
        "HVPoint": 2,
        "chamberName": "KODEL-H (1.4 mm)",
        "TDC_channel_PMT": -1,
        "muonTriggerWindow": 5000,
        "noiseRateTriggerWindow": 5000,
        "timeWindowReject": 100,
        "triggerWindow": 5000,
        "muonWindowWidth": 3,
        "muonClusterTimeWindow": 15,
        "muonClusterTimeWindowUp": 10,
        "muonClusterTimeWindowDw": 20,
        "stripArea": 77.7,
        "nStrips": 32
    },
    "output_parameters": {
        "muonWindowSigma": 10.39295298666458,
        "muonWindowMean": 4606.813530734686,
        "muonTimeWindowBegin": 4569.313530734686,
        "muonTimeWindowEnd": 4644.313530734686,
        "muonTimeWindow": 75.0,
        "noiseGammaTimeWindowBegin": 100,
        "noiseGammaTimeWindow": 4900,
        "noiseGammaTimeWindowEnd": 5000,
        "muonCLS": 1.69332138054684,
        "muonCMP": 1.152019002375297,
        "muonCLS_err": 0.15022849597858556,
        "muonCMP_err": 0.1121553237632964,
        "gammaCLS": 1.371685606060606,
        "gammaCMP": 1.3696498054474708,
        "gammaCLS_err": 0.06141875848032563,
        "gammaCMP_err": 0.06420233463035019,
        "muonStreamerProbability": 0.015731671119026416,
        "gammaStreamerProbability": 0.0014289233801428923,
        "efficiencyRaw": 0.9788902291917974,
        "efficiencyMuon": 0.9733614796944109,
        "efficiencyFake": 0.014983013712119346,
        "efficiencyMuon_corrected": 0.9729562833165156,
        "efficiencyRaw_err": 0.0014412551347881667,
        "efficiencyMuon_err": 0.0016144486567778225,
        "efficiencyFake_err": 0.001218017589707196,
        "efficiencyMuon_corrected_err": 0.001626342323058708,
        "beamMean": 12.807338674764535,
        "beamSigma": 2.9714081760033184,
        "noiseGammaRate": 11.733116415332734,
        "noiseGammaRate_err": 2.8452316447373303
    }
}