{
    "input_parameters": {
        "scanType": "efficiency",
        "scanid": 874,
        "HVPoint": 2,
        "chamberName": "KODEL-H (1.4 mm)",
        "TDC_channel_PMT": -1,
        "muonTriggerWindow": 5000,
        "noiseRateTriggerWindow": 5000,
        "timeWindowReject": 100,
        "triggerWindow": 5000,
        "muonWindowWidth": 3,
        "muonClusterTimeWindow": 15,
        "muonClusterTimeWindowUp": 10,
        "muonClusterTimeWindowDw": 20,
        "stripArea": 77.7,
        "nStrips": 32
    },
    "output_parameters": {
        "muonWindowSigma": 10.392929706297792,
        "muonWindowMean": 4606.813513031409,
        "muonTimeWindowBegin": 4575.634723912515,
        "muonTimeWindowEnd": 4637.992302150302,
        "muonTimeWindow": 62.35757823778658,
        "noiseGammaTimeWindowBegin": 100,
        "noiseGammaTimeWindow": 4900,
        "noiseGammaTimeWindowEnd": 5000,
        "muonCLS": 1.6936815652486088,
        "muonCMP": 1.1506764432510586,
        "muonCLS_err": 0.15029398039541508,
        "muonCMP_err": 0.11205204998450902,
        "gammaCLS": 1.371685606060606,
        "gammaCMP": 1.3696498054474708,
        "gammaCLS_err": 0.06141875848032563,
        "gammaCMP_err": 0.06420233463035019,
        "gammaCharge": -1,
        "gammaCharge_err": -1,
        "noiseGammaClusterRate": -1,
        "noiseGammaClusterRate_err": -1,
        "efficiencyRaw": 0.9788902291917974,
        "efficiencyMuon": 0.9733614796944109,
        "efficiencyFake": 0.01245739266388415,
        "efficiencyMuon_corrected": 0.973025447096965,
        "efficiencyRaw_err": 0.0014412551347881667,
        "efficiencyMuon_err": 0.0016144486567778225,
        "efficiencyFake_err": 0.0011120481956169638,
        "efficiencyMuon_corrected_err": 0.0016243190524862525,
        "noiseGammaRate": 11.733116415332734,
        "noiseGammaRate_err": 2.8452316447373303,
        "beamMean": 12.80650145662706,
        "beamSigma": 2.9703838769465745,
        "muonStreamerProbability": 0.015731671119026416,
        "gammaStreamerProbability": 0.0014289233801428923
    }
}