{
    "input_parameters": {
        "scanType": "efficiency",
        "scanid": 874,
        "HVPoint": 7,
        "chamberName": "KODEL-E (1.4 mm)",
        "TDC_channel_PMT": -1.0,
        "muonTriggerWindow": 5000,
        "noiseRateTriggerWindow": 5000,
        "timeWindowReject": 100,
        "triggerWindow": 5000,
        "muonWindowWidth": 3,
        "muonClusterTimeWindow": 30,
        "muonClusterTimeWindowUp": 25,
        "muonClusterTimeWindowDw": 35,
        "stripArea": 128,
        "nStrips": 16
    },
    "output_parameters": {
        "muonWindowSigma": 13.47119775011114,
        "muonWindowMean": 4615.268080540855,
        "muonTimeWindowBegin": 4574.854487290522,
        "muonTimeWindowEnd": 4655.681673791189,
        "muonTimeWindow": 80.82718650066636,
        "noiseGammaTimeWindowBegin": 100,
        "noiseGammaTimeWindow": 4900,
        "noiseGammaTimeWindowEnd": 5000,
        "muonCLS": 2.528,
        "muonCMP": 1.09356662754721,
        "muonCLS_err": 0.5157300613496933,
        "muonCMP_err": 0.28027312493331924,
        "gammaCLS": 1.150153217568948,
        "gammaCMP": 1.6516237874314634,
        "gammaCLS_err": 0.014786441667763217,
        "gammaCMP_err": 0.02150991142977654,
        "muonStreamerProbability": 0.04999000199960008,
        "gammaStreamerProbability": 0.0009450855551134102,
        "efficiencyRaw": 0.9907387918332983,
        "efficiencyMuon": 0.9864239107556304,
        "efficiencyFake": 0.01634084138099331,
        "efficiencyMuon_corrected": 0.9861983806835799,
        "efficiencyRaw_err": 0.0009826659187814639,
        "efficiencyMuon_err": 0.0011871664768954237,
        "efficiencyFake_err": 0.0013006247500608713,
        "efficiencyMuon_corrected_err": 0.0011968498002662932,
        "beamMean": 8.572886036095031,
        "beamSigma": 1.9955766245641469,
        "noiseGammaRate": 44.69207399165791,
        "noiseGammaRate_err": 5.64638620438838
    }
}