{
    "input_parameters": {
        "scanType": "efficiency",
        "scanid": 874,
        "HVPoint": 10,
        "chamberName": "KODEL2D Y (horizontal strips)",
        "TDC_channel_PMT": -1,
        "muonTriggerWindow": 5000,
        "noiseRateTriggerWindow": 5000,
        "timeWindowReject": 100,
        "triggerWindow": 5000,
        "muonWindowWidth": 3,
        "muonClusterTimeWindow": 15,
        "muonClusterTimeWindowUp": 10,
        "muonClusterTimeWindowDw": 20,
        "stripArea": 64,
        "nStrips": 32
    },
    "output_parameters": {
        "muonWindowSigma": 10.631203915330532,
        "muonWindowMean": 4539.50256838884,
        "muonTimeWindowBegin": 4507.608956642848,
        "muonTimeWindowEnd": 4571.396180134831,
        "muonTimeWindow": 63.78722349198324,
        "noiseGammaTimeWindowBegin": 100,
        "noiseGammaTimeWindow": 4900,
        "noiseGammaTimeWindowEnd": 5000,
        "muonCLS": 1.6915752244490796,
        "muonCMP": 1.1397416020671836,
        "muonCLS_err": 0.04770459785174119,
        "muonCMP_err": 0.03307493540051665,
        "gammaCLS": 1.357217391304348,
        "gammaCMP": 1.4483627204030227,
        "gammaCLS_err": 0.06644663377871107,
        "gammaCMP_err": 0.07455919395465993,
        "gammaCharge": -1,
        "gammaCharge_err": -1,
        "noiseGammaClusterRate": -1,
        "noiseGammaClusterRate_err": -1,
        "efficiencyRaw": 0.9612395474667979,
        "efficiencyMuon": 0.9517953762911953,
        "efficiencyFake": 0.012509382917969668,
        "efficiencyMuon_corrected": 0.951184727353414,
        "efficiencyRaw_err": 0.001914505168342151,
        "efficiencyMuon_err": 0.0021245279667134287,
        "efficiencyFake_err": 0.0011023785158585015,
        "efficiencyMuon_corrected_err": 0.00213725628257708,
        "noiseGammaRate": 19.439621726602848,
        "noiseGammaRate_err": 3.6563803933609096,
        "beamMean": 16.00064403728313,
        "beamSigma": 2.011659220348162,
        "muonStreamerProbability": 0.0,
        "gammaStreamerProbability": 0.0
    }
}