{
    "input_parameters": {
        "scanType": "efficiency",
        "scanid": 874,
        "HVPoint": 11,
        "chamberName": "SHiP X",
        "TDC_channel_PMT": -1,
        "muonTriggerWindow": 5000,
        "noiseRateTriggerWindow": 5000,
        "timeWindowReject": 50,
        "triggerWindow": 5000,
        "muonWindowWidth": 3,
        "muonClusterTimeWindow": 15,
        "muonClusterTimeWindowUp": 10,
        "muonClusterTimeWindowDw": 20,
        "stripArea": 70,
        "nStrips": 32
    },
    "output_parameters": {
        "muonWindowSigma": 64.61596353242996,
        "muonWindowMean": 261.31019459320214,
        "muonTimeWindowBegin": 67.46230399591227,
        "muonTimeWindowEnd": 455.158085190492,
        "muonTimeWindow": 387.6957811945797,
        "noiseGammaTimeWindowBegin": 50,
        "noiseGammaTimeWindow": 4950,
        "noiseGammaTimeWindowEnd": 5000,
        "muonCLS": 1.0714285714285714,
        "muonCMP": 1.12,
        "muonCLS_err": 0.0,
        "muonCMP_err": 0.0,
        "gammaCLS": 1.090293453724605,
        "gammaCMP": 1.1834372217275155,
        "gammaCLS_err": 0.0024667272708700505,
        "gammaCMP_err": 0.002671415850400649,
        "gammaCharge": -1,
        "gammaCharge_err": -1,
        "noiseGammaClusterRate": -1,
        "noiseGammaClusterRate_err": -1,
        "efficiencyRaw": 0.056009449748991046,
        "efficiencyMuon": 0.00492174426616793,
        "efficiencyFake": 0.004240309973582042,
        "efficiencyMuon_corrected": 0.0006843360897324632,
        "efficiencyRaw_err": 0.0022813346473472404,
        "efficiencyMuon_err": 0.000694324771579282,
        "efficiencyFake_err": 0.0006446894944371437,
        "efficiencyMuon_corrected_err": 0.00025945413061877144,
        "noiseGammaRate": 6.458526153099642,
        "noiseGammaRate_err": 1.1029218923511999,
        "beamMean": 1.5986681133882252,
        "beamSigma": 1.41839949903629,
        "muonStreamerProbability": 0.0,
        "gammaStreamerProbability": 0.0
    }
}