{
    "chamberName": "SHiP Y",
    "scanid": 874,
    "HV1": {
        "muonCLS": 0.0,
        "muonCLS_err": 0.0,
        "muonCMP": 0.0,
        "muonCMP_err": 0.0,
        "gammaCLS": 1.0526315789473684,
        "gammaCLS_err": 0.0,
        "gammaCMP": 1.0,
        "gammaCMP_err": 0.0,
        "efficiencyRaw": 0.1797842588893328,
        "efficiencyRaw_err": 0.042337446777519806,
        "efficiencyMuon": 0.0,
        "efficiencyMuon_err": 0.0,
        "efficiencyFake": 5.297850171862051e-05,
        "efficiencyFake_err": 0.0007274268051191636,
        "efficiencyMuon_corrected": 0.0,
        "efficiencyMuon_corrected_err": 0.0,
        "noiseGammaRate": 0.12566571412055363,
        "noiseGammaRate_err": 0.1390987616350783,
        "muonStreamerProbability": 0.0,
        "gammaStreamerProbability": 0.0
    },
    "HV2": {
        "muonCLS": 0.0,
        "muonCLS_err": 0.0,
        "muonCMP": 0.0,
        "muonCMP_err": 0.0,
        "gammaCLS": 1.1428571428571428,
        "gammaCLS_err": 0.0,
        "gammaCMP": 1.0,
        "gammaCMP_err": 0.0,
        "efficiencyRaw": 0.2770357178193331,
        "efficiencyRaw_err": 0.05228225845942059,
        "efficiencyMuon": 0.0,
        "efficiencyMuon_err": 0.0,
        "efficiencyFake": 8.163638654063303e-05,
        "efficiencyFake_err": 0.0008987327682118482,
        "efficiencyMuon_corrected": 0.0,
        "efficiencyMuon_corrected_err": 0.0,
        "noiseGammaRate": 0.17419825254267238,
        "noiseGammaRate_err": 0.17521470952504697,
        "muonStreamerProbability": 0.0,
        "gammaStreamerProbability": 0.0
    },
    "HV3": {
        "muonCLS": 0.0,
        "muonCLS_err": 0.0,
        "muonCMP": 0.0,
        "muonCMP_err": 0.0,
        "gammaCLS": 1.1090909090909091,
        "gammaCLS_err": 0.0,
        "gammaCMP": 1.0,
        "gammaCMP_err": 0.0,
        "efficiencyRaw": 0.27997200279972,
        "efficiencyRaw_err": 0.052835617111173024,
        "efficiencyMuon": 0.0,
        "efficiencyMuon_err": 0.0,
        "efficiencyFake": 8.250164571204658e-05,
        "efficiencyFake_err": 0.0009082583790640179,
        "efficiencyMuon_corrected": 0.0,
        "efficiencyMuon_corrected_err": 0.0,
        "noiseGammaRate": 0.18930394243769852,
        "noiseGammaRate_err": 0.20618060042319397,
        "muonStreamerProbability": 0.0,
        "gammaStreamerProbability": 0.0
    },
    "HV4": {
        "muonCLS": 0.0,
        "muonCLS_err": 0.0,
        "muonCMP": 0.0,
        "muonCMP_err": 0.0,
        "gammaCLS": 1.0344827586206897,
        "gammaCLS_err": 0.0,
        "gammaCMP": 1.0,
        "gammaCMP_err": 0.0,
        "efficiencyRaw": 0.24957572127383446,
        "efficiencyRaw_err": 0.049852817301587575,
        "efficiencyMuon": 0.0,
        "efficiencyMuon_err": 0.0,
        "efficiencyFake": 7.354452419869952e-05,
        "efficiencyFake_err": 0.0008568527101803945,
        "efficiencyMuon_corrected": 0.0,
        "efficiencyMuon_corrected_err": 0.0,
        "noiseGammaRate": 0.18729622171077867,
        "noiseGammaRate_err": 0.2007200894357312,
        "muonStreamerProbability": 0.0,
        "gammaStreamerProbability": 0.0
    },
    "HV5": {
        "muonCLS": 0.0,
        "muonCLS_err": 0.0,
        "muonCMP": 0.0,
        "muonCMP_err": 0.0,
        "gammaCLS": 1.0617283950617284,
        "gammaCLS_err": 0.0,
        "gammaCMP": 1.0253164556962024,
        "gammaCMP_err": 0.0,
        "efficiencyRaw": 0.35878014749850506,
        "efficiencyRaw_err": 0.05968932553296588,
        "efficiencyMuon": 0.0,
        "efficiencyMuon_err": 0.0,
        "efficiencyFake": 0.00010278789101631675,
        "efficiencyFake_err": 0.0010121239602592896,
        "efficiencyMuon_corrected": 0.0,
        "efficiencyMuon_corrected_err": 0.0,
        "noiseGammaRate": 0.2688434230895236,
        "noiseGammaRate_err": 0.25201413807975936,
        "muonStreamerProbability": 0.0,
        "gammaStreamerProbability": 0.0
    },
    "HV6": {
        "muonCLS": 0.0,
        "muonCLS_err": 0.0,
        "muonCMP": 0.0,
        "muonCMP_err": 0.0,
        "gammaCLS": 1.0888888888888888,
        "gammaCLS_err": 0.012234706616729207,
        "gammaCMP": 1.0112359550561798,
        "gammaCMP_err": 0.011235955056179803,
        "efficiencyRaw": 0.33996600339966004,
        "efficiencyRaw_err": 0.058204497844177965,
        "efficiencyMuon": 0.0,
        "efficiencyMuon_err": 0.0,
        "efficiencyFake": 9.42875950994818e-05,
        "efficiencyFake_err": 0.0009709689922450506,
        "efficiencyMuon_corrected": 0.0,
        "efficiencyMuon_corrected_err": 0.0,
        "noiseGammaRate": 0.30781972669628765,
        "noiseGammaRate_err": 0.2499475494005635,
        "muonStreamerProbability": 0.0,
        "gammaStreamerProbability": 0.0
    },
    "HV7": {
        "muonCLS": 0.0,
        "muonCLS_err": 0.0,
        "muonCMP": 0.0,
        "muonCMP_err": 0.0,
        "gammaCLS": 1.0606060606060606,
        "gammaCLS_err": 0.0,
        "gammaCMP": 1.0,
        "gammaCMP_err": 0.0,
        "efficiencyRaw": 0.32993401319736054,
        "efficiencyRaw_err": 0.05733931397637835,
        "efficiencyMuon": 0.0,
        "efficiencyMuon_err": 0.0,
        "efficiencyFake": 9.427816822534668e-05,
        "efficiencyFake_err": 0.0009708719148070841,
        "efficiencyMuon_corrected": 0.0,
        "efficiencyMuon_corrected_err": 0.0,
        "noiseGammaRate": 0.21981654990011534,
        "noiseGammaRate_err": 0.20027601000211465,
        "muonStreamerProbability": 0.0,
        "gammaStreamerProbability": 0.0
    },
    "HV8": {
        "muonCLS": 0.0,
        "muonCLS_err": 0.0,
        "muonCMP": 0.0,
        "muonCMP_err": 0.0,
        "gammaCLS": 1.0506329113924051,
        "gammaCLS_err": 0.0,
        "gammaCMP": 1.0,
        "gammaCMP_err": 0.0,
        "efficiencyRaw": 0.4563944835797202,
        "efficiencyRaw_err": 0.06713796203607005,
        "efficiencyMuon": 0.0,
        "efficiencyMuon_err": 0.0,
        "efficiencyFake": 0.00013156581982508896,
        "efficiencyFake_err": 0.0011425166290856647,
        "efficiencyMuon_corrected": 0.0,
        "efficiencyMuon_corrected_err": 0.0,
        "noiseGammaRate": 0.26045824584446714,
        "noiseGammaRate_err": 0.2597318020582051,
        "muonStreamerProbability": 0.0,
        "gammaStreamerProbability": 0.0
    },
    "HV9": {
        "muonCLS": 0.0,
        "muonCLS_err": 0.0,
        "muonCMP": 0.0,
        "muonCMP_err": 0.0,
        "gammaCLS": 1.0526315789473684,
        "gammaCLS_err": 0.0,
        "gammaCMP": 1.0,
        "gammaCMP_err": 0.0,
        "efficiencyRaw": 0.40844789798764697,
        "efficiencyRaw_err": 0.06365843937065696,
        "efficiencyMuon": 0.0,
        "efficiencyMuon_err": 0.0,
        "efficiencyFake": 0.00011742506457834199,
        "efficiencyFake_err": 0.0010815747832094078,
        "efficiencyMuon_corrected": 0.0,
        "efficiencyMuon_corrected_err": 0.0,
        "noiseGammaRate": 0.25060810055599914,
        "noiseGammaRate_err": 0.2672736955238012,
        "muonStreamerProbability": 0.0,
        "gammaStreamerProbability": 0.0
    },
    "HV10": {
        "muonCLS": 0.0,
        "muonCLS_err": 0.0,
        "muonCMP": 0.0,
        "muonCMP_err": 0.0,
        "gammaCLS": 1.0684931506849316,
        "gammaCLS_err": 0.0148401826484017,
        "gammaCMP": 1.042857142857143,
        "gammaCMP_err": 0.014285714285714457,
        "efficiencyRaw": 0.2754549926217413,
        "efficiencyRaw_err": 0.051984355557668296,
        "efficiencyMuon": 0.0,
        "efficiencyMuon_err": 0.0,
        "efficiencyFake": 8.117058128540854e-05,
        "efficiencyFake_err": 0.0008936047328551755,
        "efficiencyMuon_corrected": 0.0,
        "efficiencyMuon_corrected_err": 0.0,
        "noiseGammaRate": 0.246187502461875,
        "noiseGammaRate_err": 0.26455611112939664,
        "muonStreamerProbability": 0.0,
        "gammaStreamerProbability": 0.0
    },
    "HV11": {
        "muonCLS": 1.0,
        "muonCLS_err": 0.0,
        "muonCMP": 1.0,