{
    "input_parameters": {
        "scanType": "efficiency",
        "scanid": 874,
        "HVPoint": 4,
        "chamberName": "KODEL2D X (vertical strips)",
        "TDC_channel_PMT": -1,
        "muonTriggerWindow": 5000,
        "noiseRateTriggerWindow": 5000,
        "timeWindowReject": 100,
        "triggerWindow": 5000,
        "muonWindowWidth": 3,
        "muonClusterTimeWindow": 15,
        "muonClusterTimeWindowUp": 10,
        "muonClusterTimeWindowDw": 20,
        "stripArea": 64,
        "nStrips": 32
    },
    "output_parameters": {
        "muonWindowSigma": 10.532325714021212,
        "muonWindowMean": 4597.079081172976,
        "muonTimeWindowBegin": 4565.4821040309125,
        "muonTimeWindowEnd": 4628.676058315039,
        "muonTimeWindow": 63.19395428412645,
        "noiseGammaTimeWindowBegin": 100,
        "noiseGammaTimeWindow": 4900,
        "noiseGammaTimeWindowEnd": 5000,
        "muonCLS": 2.553673223604978,
        "muonCMP": 1.2564309492585495,
        "muonCLS_err": 0.28780444822562323,
        "muonCMP_err": 0.15958841924745282,
        "gammaCLS": 1.2467890781086481,
        "gammaCMP": 1.4142895586652315,
        "gammaCLS_err": 0.050203979496522555,
        "gammaCMP_err": 0.05933799784714733,
        "gammaCharge": -1,
        "gammaCharge_err": -1,
        "noiseGammaClusterRate": -1,
        "noiseGammaClusterRate_err": -1,
        "efficiencyRaw": 0.9936108615353898,
        "efficiencyMuon": 0.9896176499950085,
        "efficiencyFake": 0.012813038916202177,
        "efficiencyMuon_corrected": 0.9894828939053316,
        "efficiencyRaw_err": 0.0007960869016793836,
        "efficiencyMuon_err": 0.0010127743929354968,
        "efficiencyFake_err": 0.0011237169738283958,
        "efficiencyMuon_corrected_err": 0.0010192563737166777,
        "noiseGammaRate": 64.57195513564405,
        "noiseGammaRate_err": 6.313351456030658,
        "beamMean": 22.84388922442014,
        "beamSigma": 3.595651244808342,
        "muonStreamerProbability": 0.0,
        "gammaStreamerProbability": 0.0
    }
}