{
    "input_parameters": {
        "scanType": "efficiency",
        "scanid": 874,
        "HVPoint": 9,
        "chamberName": "KODEL2D X (vertical strips)",
        "TDC_channel_PMT": -1,
        "muonTriggerWindow": 5000,
        "noiseRateTriggerWindow": 5000,
        "timeWindowReject": 100,
        "triggerWindow": 5000,
        "muonWindowWidth": 3,
        "muonClusterTimeWindow": 15,
        "muonClusterTimeWindowUp": 10,
        "muonClusterTimeWindowDw": 20,
        "stripArea": 64,
        "nStrips": 32
    },
    "output_parameters": {
        "muonWindowSigma": 10.532325714021212,
        "muonWindowMean": 4597.079081172976,
        "muonTimeWindowBegin": 4565.4821040309125,
        "muonTimeWindowEnd": 4628.676058315039,
        "muonTimeWindow": 63.19395428412645,
        "noiseGammaTimeWindowBegin": 100,
        "noiseGammaTimeWindow": 4900,
        "noiseGammaTimeWindowEnd": 5000,
        "muonCLS": 2.5737691815856776,
        "muonCMP": 1.2586258927673273,
        "muonCLS_err": 0.29342645392670574,
        "muonCMP_err": 0.16195553767226634,
        "gammaCLS": 1.2728430124375674,
        "gammaCMP": 1.4293113101903696,
        "gammaCLS_err": 0.054526551995122574,
        "gammaCMP_err": 0.06396976483762584,
        "gammaCharge": -1,
        "gammaCharge_err": -1,
        "noiseGammaClusterRate": -1,
        "noiseGammaClusterRate_err": -1,
        "efficiencyRaw": 0.9938234708109185,
        "efficiencyMuon": 0.9903367204622435,
        "efficiencyFake": 0.012815783573119317,
        "efficiencyMuon_corrected": 0.9902112702199264,
        "efficiencyRaw_err": 0.0007819937426949531,
        "efficiencyMuon_err": 0.0009764052749966116,
        "efficiencyFake_err": 0.0011226595838436883,
        "efficiencyMuon_corrected_err": 0.0009826605174245641,
        "noiseGammaRate": 64.26542466711291,
        "noiseGammaRate_err": 6.410554434746219,
        "beamMean": 22.85871046526287,
        "beamSigma": 3.598212152797622,
        "muonStreamerProbability": 0.0,
        "gammaStreamerProbability": 0.0
    }
}