{
    "chamberName": "KODEL2D X (vertical strips)",
    "scanid": 874,
    "HV1": {
        "muonCLS": 2.5455554674490526,
        "muonCLS_err": 0.2765421793517948,
        "muonCMP": 1.2720395400443816,
        "muonCMP_err": 0.15503328626185198,
        "gammaCLS": 1.2900610549494544,
        "gammaCLS_err": 0.05784308171809682,
        "gammaCMP": 1.493423019431988,
        "gammaCMP_err": 0.0701046337817639,
        "efficiencyRaw": 99.4107071514183,
        "efficiencyRaw_err": 0.07649300924347477,
        "efficiencyMuon": 99.02117459049141,
        "efficiencyMuon_err": 0.09839119464786894,
        "efficiencyFake": 1.2820725883835533,
        "efficiencyFake_err": 0.11243302650515175,
        "efficiencyMuon_corrected": 99.00846235818216,
        "efficiencyMuon_corrected_err": 0.09902169143281277,
        "noiseGammaRate": 63.915351379417146,
        "noiseGammaRate_err": 6.450957648322714,
        "muonStreamerProbability": 0.0,
        "gammaStreamerProbability": 0.0
    },
    "HV2": {
        "muonCLS": 2.593953670985473,
        "muonCLS_err": 0.2965755501147589,
        "muonCMP": 1.2743920744521164,
        "muonCMP_err": 0.16451516061242866,
        "gammaCLS": 1.2615864079621997,
        "gammaCLS_err": 0.053906685125129084,
        "gammaCMP": 1.4361825007219173,
        "gammaCMP_err": 0.06410626624314197,
        "efficiencyRaw": 99.3766696349065,
        "efficiencyRaw_err": 0.07828710404953858,
        "efficiencyMuon": 98.87206886316415,
        "efficiencyMuon_err": 0.10504296474246153,
        "efficiencyFake": 1.2816336158810242,
        "efficiencyFake_err": 0.11188446566058118,
        "efficiencyMuon_corrected": 98.8574252409658,
        "efficiencyMuon_corrected_err": 0.10571480852000527,
        "noiseGammaRate": 61.61607519948113,
        "noiseGammaRate_err": 6.2545582377432805,
        "muonStreamerProbability": 0.0,
        "gammaStreamerProbability": 0.0
    },
    "HV3": {
        "muonCLS": 2.583346728821733,
        "muonCLS_err": 0.2938674211787382,
        "muonCMP": 1.254866364094806,
        "muonCMP_err": 0.16106908724155322,
        "gammaCLS": 1.2880917159763314,
        "gammaCLS_err": 0.05320428466982552,
        "gammaCMP": 1.4620167612868342,
        "gammaCMP_err": 0.06298999729656662,
        "efficiencyRaw": 99.52004799520047,
        "efficiencyRaw_err": 0.06910866121260527,
        "efficiencyMuon": 99.14008599140087,
        "efficiencyMuon_err": 0.09232736561566526,
        "efficiencyFake": 1.2834827272168918,
        "efficiencyFake_err": 0.11255588655553594,
        "efficiencyMuon_corrected": 99.12890564582729,
        "efficiencyMuon_corrected_err": 0.09292039380233752,
        "noiseGammaRate": 68.24525083591908,
        "noiseGammaRate_err": 6.601881614460928,
        "muonStreamerProbability": 0.0,
        "gammaStreamerProbability": 0.0
    },
    "HV4": {
        "muonCLS": 2.553673223604978,
        "muonCLS_err": 0.28780444822562323,
        "muonCMP": 1.2564309492585495,
        "muonCMP_err": 0.15958841924745282,
        "gammaCLS": 1.2467890781086481,
        "gammaCLS_err": 0.050203979496522555,
        "gammaCMP": 1.4142895586652315,
        "gammaCMP_err": 0.05933799784714733,
        "efficiencyRaw": 99.36108615353898,
        "efficiencyRaw_err": 0.07960869016793837,
        "efficiencyMuon": 98.96176499950084,
        "efficiencyMuon_err": 0.10127743929354968,
        "efficiencyFake": 1.2813038916202177,
        "efficiencyFake_err": 0.11237169738283959,
        "efficiencyMuon_corrected": 98.94828939053316,
        "efficiencyMuon_corrected_err": 0.10192563737166777,
        "noiseGammaRate": 64.57195513564405,
        "noiseGammaRate_err": 6.313351456030658,
        "muonStreamerProbability": 0.0,
        "gammaStreamerProbability": 0.0
    },
    "HV5": {
        "muonCLS": 2.5787917532363753,
        "muonCLS_err": 0.2871428397297713,
        "muonCMP": 1.2576884422110552,
        "muonCMP_err": 0.1575879396984925,
        "gammaCLS": 1.2517701149425287,
        "gammaCLS_err": 0.055338404624370785,
        "gammaCMP": 1.4461436170212767,
        "gammaCMP_err": 0.06688829787234041,
        "efficiencyRaw": 99.60135539166832,
        "efficiencyRaw_err": 0.06290548617008362,
        "efficiencyMuon": 99.16284632250348,
        "efficiencyMuon_err": 0.09095781902907511,
        "efficiencyFake": 1.2842742658776314,
        "efficiencyFake_err": 0.11240484035891858,
        "efficiencyMuon_corrected": 99.15195510009086,
        "efficiencyMuon_corrected_err": 0.09154255213707552,
        "noiseGammaRate": 67.17133111600668,
        "noiseGammaRate_err": 6.465573760082556,
        "muonStreamerProbability": 0.0,
        "gammaStreamerProbability": 0.0
    },
    "HV6": {
        "muonCLS": 2.58944,
        "muonCLS_err": 0.2917186966706895,
        "muonCMP": 1.263136620856912,
        "muonCMP_err": 0.16036782538399352,
        "gammaCLS": 1.2553852124975742,
        "gammaCLS_err": 0.048257016938701325,
        "gammaCMP": 1.4550331780319075,
        "gammaCMP_err": 0.05816744317379641,
        "efficiencyRaw": 99.5000499950005,
        "efficiencyRaw_err": 0.07052664495409025,
        "efficiencyMuon": 98.95010498950106,
        "efficiencyMuon_err": 0.10191998520086272,
        "efficiencyFake": 1.2830958641422758,
        "efficiencyFake_err": 0.11253914268334046,
        "efficiencyMuon_corrected": 98.9364587355231,
        "efficiencyMuon_corrected_err": 0.10257313740835211,
        "noiseGammaRate": 64.14556935516134,
        "noiseGammaRate_err": 6.43817759099399,
        "muonStreamerProbability": 0.0,
        "gammaStreamerProbability": 0.0
    },
    "HV7": {
        "muonCLS": 2.5635794039681903,
        "muonCLS_err": 0.28709748657037304,
        "muonCMP": 1.2579830234438156,
        "muonCMP_err": 0.15864995957962824,
        "gammaCLS": 1.2850929952808365,
        "gammaCLS_err": 0.05443282691575013,
        "gammaCMP": 1.477173318753417,
        "gammaCMP_err": 0.06533624931656656,
        "efficiencyRaw": 99.46010797840432,
        "efficiencyRaw_err": 0.07327140053821238,
        "efficiencyMuon": 98.94021195760848,
        "efficiencyMuon_err": 0.10238881120856634,
        "efficiencyFake": 1.2827096972819514,
        "efficiencyFake_err": 0.11251680118968636,
        "efficiencyMuon_corrected": 98.9264413162662,
        "efficiencyMuon_corrected_err": 0.10304470083668427,
        "noiseGammaRate": 68.83846853504633,
        "noiseGammaRate_err": 6.61207379471945,
        "muonStreamerProbability": 0.0,
        "gammaStreamerProbability": 0.0
    },
    "HV8": {
        "muonCLS": 2.545295890845629,
        "muonCLS_err": 0.28683175344857137,
        "muonCMP": 1.2640128346535646,
        "muonCMP_err": 0.1605334402887797,
        "gammaCLS": 1.2560367957071674,
        "gammaCLS_err": 0.050259958249711856,
        "gammaCMP": 1.4506533222129552,
        "gammaCMP_err": 0.06046705587990009,
        "efficiencyRaw": 99.35509475146344,
        "efficiencyRaw_err": 0.07973230218247333,
        "efficiencyMuon": 98.948308363925,
        "efficiencyMuon_err": 0.10161075407063404,
        "efficiencyFake": 1.281099457738304,
        "efficiencyFake_err": 0.11201672108874577,
        "efficiencyMuon_corrected": 98.93466030284162,
        "efficiencyMuon_corrected_err": 0.10226088948059481,
        "noiseGammaRate": 64.9270388889227,
        "noiseGammaRate_err": 6.348507122321668,
        "muonStreamerProbability": 0.0,
        "gammaStreamerProbability": 0.0
    },
    "HV9": {
        "muonCLS": 2.5737691815856776,
        "muonCLS_err": 0.29342645392670574,
        "muonCMP": 1.2586258927673273,
        "muonCMP_err": 0.16195553767226634,
        "gammaCLS": 1.2728430124375674,
        "gammaCLS_err": 0.054526551995122574,
        "gammaCMP": 1.4293113101903696,
        "gammaCMP_err": 0.06396976483762584,
        "efficiencyRaw": 99.38234708109185,
        "efficiencyRaw_err": 0.0781993742694953,
        "efficiencyMuon": 99.03367204622435,