{
    "input_parameters": {
        "scanType": "efficiency",
        "scanid": 874,
        "HVPoint": 11,
        "chamberName": "RE-1 A (2 mm)",
        "TDC_channel_PMT": -1,
        "muonTriggerWindow": 5000,
        "noiseRateTriggerWindow": 5000,
        "timeWindowReject": 100,
        "triggerWindow": 5000,
        "muonWindowWidth": 3,
        "muonClusterTimeWindow": 15,
        "muonClusterTimeWindowUp": 10,
        "muonClusterTimeWindowDw": 20,
        "stripArea": 13.3,
        "nStrips": 32
    },
    "output_parameters": {
        "muonWindowSigma": 0.24518678758374865,
        "muonWindowMean": 951.8743285822444,
        "muonTimeWindowBegin": 951.1387682194932,
        "muonTimeWindowEnd": 952.6098889449956,
        "muonTimeWindow": 1.4711207255024874,
        "noiseGammaTimeWindowBegin": 100,
        "noiseGammaTimeWindow": 4900,
        "noiseGammaTimeWindowEnd": 5000,
        "muonCLS": 1.0,
        "muonCMP": 1.0,
        "muonCLS_err": 0.0,
        "muonCMP_err": 0.0,
        "gammaCLS": 1.0,
        "gammaCMP": 1.0,
        "gammaCLS_err": 0.0,
        "gammaCMP_err": 0.0,
        "gammaCharge": -1,
        "gammaCharge_err": -1,
        "noiseGammaClusterRate": -1,
        "noiseGammaClusterRate_err": -1,
        "efficiencyRaw": 0.000492174426616793,
        "efficiencyMuon": 9.84348853233586e-05,
        "efficiencyFake": 1.4776489786903412e-07,
        "efficiencyMuon_corrected": 9.828713494887802e-05,
        "efficiencyRaw_err": 0.0002200529227324387,
        "efficiencyMuon_err": 9.843004049080623e-05,
        "efficiencyFake_err": 3.8138194277237495e-06,
        "efficiencyMuon_corrected_err": 9.835614846534636e-05,
        "noiseGammaRate": 0.07109545037803744,
        "noiseGammaRate_err": 0.047135260944580225,
        "beamMean": 16.68039175653679,
        "beamSigma": 0.24990395183695516,
        "muonStreamerProbability": 0.0,
        "gammaStreamerProbability": 0.0
    }
}