{
    "input_parameters": {
        "scanType": "efficiency",
        "scanid": 874,
        "HVPoint": 3,
        "chamberName": "SHiP X",
        "TDC_channel_PMT": -1,
        "muonTriggerWindow": 5000,
        "noiseRateTriggerWindow": 5000,
        "timeWindowReject": 50,
        "triggerWindow": 5000,
        "muonWindowWidth": 3,
        "muonClusterTimeWindow": 15,
        "muonClusterTimeWindowUp": 10,
        "muonClusterTimeWindowDw": 20,
        "stripArea": 70,
        "nStrips": 32
    },
    "output_parameters": {
        "muonWindowSigma": 64.61596353242996,
        "muonWindowMean": 261.31019459320214,
        "muonTimeWindowBegin": 67.46230399591227,
        "muonTimeWindowEnd": 455.158085190492,
        "muonTimeWindow": 387.6957811945797,
        "noiseGammaTimeWindowBegin": 50,
        "noiseGammaTimeWindow": 4950,
        "noiseGammaTimeWindowEnd": 5000,
        "muonCLS": 1.108695652173913,
        "muonCMP": 1.15,
        "muonCLS_err": 0.0,
        "muonCMP_err": 0.0,
        "gammaCLS": 1.09849157054126,
        "gammaCMP": 1.19385593220339,
        "gammaCLS_err": 0.0029163493023218745,
        "gammaCMP_err": 0.0031779661016948513,
        "gammaCharge": -1,
        "gammaCharge_err": -1,
        "noiseGammaClusterRate": -1,
        "noiseGammaClusterRate_err": -1,
        "efficiencyRaw": 0.04709529047095291,
        "efficiencyMuon": 0.003999600039996,
        "efficiencyFake": 0.0036337950543185067,
        "efficiencyMuon_corrected": 0.0003671390939011586,
        "efficiencyRaw_err": 0.0021183209578042985,
        "efficiencyMuon_err": 0.0006311263676177824,
        "efficiencyFake_err": 0.0006016833523511532,
        "efficiencyMuon_corrected_err": 0.00019156398566178492,
        "noiseGammaRate": 5.488484326413834,
        "noiseGammaRate_err": 1.0120775852132595,
        "beamMean": -23.007614689552376,
        "beamSigma": 7.125949503107882,
        "muonStreamerProbability": 0.0,
        "gammaStreamerProbability": 0.0
    }
}