{
    "input_parameters": {
        "scanType": "efficiency",
        "scanid": 874,
        "HVPoint": 10,
        "chamberName": "SHiP X",
        "TDC_channel_PMT": -1,
        "muonTriggerWindow": 5000,
        "noiseRateTriggerWindow": 5000,
        "timeWindowReject": 50,
        "triggerWindow": 5000,
        "muonWindowWidth": 3,
        "muonClusterTimeWindow": 15,
        "muonClusterTimeWindowUp": 10,
        "muonClusterTimeWindowDw": 20,
        "stripArea": 70,
        "nStrips": 32
    },
    "output_parameters": {
        "muonWindowSigma": 64.61596353242996,
        "muonWindowMean": 261.31019459320214,
        "muonTimeWindowBegin": 67.46230399591227,
        "muonTimeWindowEnd": 455.158085190492,
        "muonTimeWindow": 387.6957811945797,
        "noiseGammaTimeWindowBegin": 50,
        "noiseGammaTimeWindow": 4950,
        "noiseGammaTimeWindowEnd": 5000,
        "muonCLS": 1.1025641025641026,
        "muonCMP": 1.0263157894736843,
        "muonCLS_err": 0.0,
        "muonCMP_err": 0.0,
        "gammaCLS": 1.082155477031802,
        "gammaCMP": 1.2563817980022198,
        "gammaCLS_err": 0.001915319428374973,
        "gammaCMP_err": 0.002219755826859071,
        "gammaCharge": -1,
        "gammaCharge_err": -1,
        "noiseGammaClusterRate": -1,
        "noiseGammaClusterRate_err": -1,
        "efficiencyRaw": 0.048204623708804725,
        "efficiencyMuon": 0.003738317757009346,
        "efficiencyFake": 0.0036984498198591575,
        "efficiencyMuon_corrected": 4.001593407435727e-05,
        "efficiencyRaw_err": 0.0021245279667134282,
        "efficiencyMuon_err": 0.0006053006340534727,
        "efficiencyFake_err": 0.0006020763620784733,
        "efficiencyMuon_corrected_err": 6.274138457081581e-05,
        "noiseGammaRate": 5.523437555234376,
        "noiseGammaRate_err": 1.058770755172685,
        "beamMean": -16.468315386698247,
        "beamSigma": 6.263968096637961,
        "muonStreamerProbability": 0.0,
        "gammaStreamerProbability": 0.0
    }
}