{
    "input_parameters": {
        "scanType": "efficiency",
        "scanid": 874,
        "HVPoint": 4,
        "chamberName": "KODEL2D Y (horizontal strips)",
        "TDC_channel_PMT": -1,
        "muonTriggerWindow": 5000,
        "noiseRateTriggerWindow": 5000,
        "timeWindowReject": 100,
        "triggerWindow": 5000,
        "muonWindowWidth": 3,
        "muonClusterTimeWindow": 15,
        "muonClusterTimeWindowUp": 10,
        "muonClusterTimeWindowDw": 20,
        "stripArea": 64,
        "nStrips": 32
    },
    "output_parameters": {
        "muonWindowSigma": 10.631203915330532,
        "muonWindowMean": 4539.50256838884,
        "muonTimeWindowBegin": 4507.608956642848,
        "muonTimeWindowEnd": 4571.396180134831,
        "muonTimeWindow": 63.78722349198324,
        "noiseGammaTimeWindowBegin": 100,
        "noiseGammaTimeWindow": 4900,
        "noiseGammaTimeWindowEnd": 5000,
        "muonCLS": 1.6668518518518518,
        "muonCMP": 1.1385199240986716,
        "muonCLS_err": 0.04461160674056042,
        "muonCMP_err": 0.03130929791271364,
        "gammaCLS": 1.33145856767904,
        "gammaCMP": 1.4254409406734367,
        "gammaCLS_err": 0.059610430143223425,
        "gammaCMP_err": 0.06680919294494925,
        "gammaCharge": -1,
        "gammaCharge_err": -1,
        "noiseGammaClusterRate": -1,
        "noiseGammaClusterRate_err": -1,
        "efficiencyRaw": 0.9583707696915245,
        "efficiencyMuon": 0.9469901168014375,
        "efficiencyFake": 0.0124719809762702,
        "efficiencyMuon_corrected": 0.9463206287038133,
        "efficiencyRaw_err": 0.0019957086208440135,
        "efficiencyMuon_err": 0.0022386299513950363,
        "efficiencyFake_err": 0.0011088520310997719,
        "efficiencyMuon_corrected_err": 0.0022519255433148333,
        "noiseGammaRate": 17.496757931069972,
        "noiseGammaRate_err": 3.4688802353491672,
        "beamMean": 15.96584023540823,
        "beamSigma": 2.0178755251525344,
        "muonStreamerProbability": 0.0,
        "gammaStreamerProbability": 0.0
    }
}