{
    "chamberName": "RE-1 A (2 mm)",
    "scanid": 874,
    "HV1": {
        "muonCLS": 0.0,
        "muonCLS_err": 0.0,
        "muonCMP": 0.0,
        "muonCMP_err": 0.0,
        "gammaCLS": 1.3529411764705883,
        "gammaCLS_err": 0.14241486068111464,
        "gammaCMP": 1.5454545454545454,
        "gammaCMP_err": 0.18181818181818188,
        "efficiencyRaw": 0.01997602876548142,
        "efficiencyRaw_err": 0.014123774505236218,
        "efficiencyMuon": 0.0,
        "efficiencyMuon_err": 0.0,
        "efficiencyFake": 5.997377536761956e-06,
        "efficiencyFake_err": 0.0002447486251306875,
        "efficiencyMuon_corrected": 0.0,
        "efficiencyMuon_corrected_err": 0.0,
        "noiseGammaRate": 0.5488354132509218,
        "noiseGammaRate_err": 0.39073070365448687,
        "muonStreamerProbability": 0.0,
        "gammaStreamerProbability": 0.0
    },
    "HV2": {
        "muonCLS": 0.0,
        "muonCLS_err": 0.0,
        "muonCMP": 0.0,
        "muonCMP_err": 0.0,
        "gammaCLS": 1.0,
        "gammaCLS_err": 0.0,
        "gammaCMP": 1.3333333333333333,
        "gammaCMP_err": 0.0,
        "efficiencyRaw": 0.03957653111704759,
        "efficiencyRaw_err": 0.01978434941647901,
        "efficiencyMuon": 0.0,
        "efficiencyMuon_err": 0.0,
        "efficiencyFake": 1.188201125913935e-05,
        "efficiencyFake_err": 0.00034287342141649897,
        "efficiencyMuon_corrected": 0.0,
        "efficiencyMuon_corrected_err": 0.0,
        "noiseGammaRate": 0.3780360595744002,
        "noiseGammaRate_err": 0.14847399716705428,
        "muonStreamerProbability": 0.0,
        "gammaStreamerProbability": 0.0
    },
    "HV3": {
        "muonCLS": 0.0,
        "muonCLS_err": 0.0,
        "muonCMP": 0.0,
        "muonCMP_err": 0.0,
        "gammaCLS": 1.0,
        "gammaCLS_err": 0.0,
        "gammaCMP": 1.1428571428571428,
        "gammaCMP_err": 0.0,
        "efficiencyRaw": 0.019998000199980003,
        "efficiencyRaw_err": 0.014139307550117174,
        "efficiencyMuon": 0.0,
        "efficiencyMuon_err": 0.0,
        "efficiencyFake": 6.00397399240683e-06,
        "efficiencyFake_err": 0.00024501782169059316,
        "efficiencyMuon_corrected": 0.0,
        "efficiencyMuon_corrected_err": 0.0,
        "noiseGammaRate": 0.1885720353208094,
        "noiseGammaRate_err": 0.12076160364769904,
        "muonStreamerProbability": 0.0,
        "gammaStreamerProbability": 0.0
    },
    "HV4": {
        "muonCLS": 0.0,
        "muonCLS_err": 0.0,
        "muonCMP": 0.0,
        "muonCMP_err": 0.0,
        "gammaCLS": 1.0,
        "gammaCLS_err": 0.0,
        "gammaCMP": 1.6666666666666667,
        "gammaCMP_err": 0.0,
        "efficiencyRaw": 0.039932115403813515,
        "efficiencyRaw_err": 0.019962070869258806,
        "efficiencyMuon": 0.0,
        "efficiencyMuon_err": 0.0,
        "efficiencyFake": 8.991575905669467e-06,
        "efficiencyFake_err": 0.00029960499597088283,
        "efficiencyMuon_corrected": 0.0,
        "efficiencyMuon_corrected_err": 0.0,
        "noiseGammaRate": 0.11855100729737025,
        "noiseGammaRate_err": 0.060866402703320825,
        "muonStreamerProbability": 0.0,
        "gammaStreamerProbability": 0.0
    },
    "HV5": {
        "muonCLS": 0.0,
        "muonCLS_err": 0.0,
        "muonCMP": 0.0,
        "muonCMP_err": 0.0,
        "gammaCLS": 0.0,
        "gammaCLS_err": 0.0,
        "gammaCMP": 0.0,
        "gammaCMP_err": 0.0,
        "efficiencyRaw": 0.0,
        "efficiencyRaw_err": 0.0,
        "efficiencyMuon": 0.0,
        "efficiencyMuon_err": 0.0,
        "efficiencyFake": 0.0,
        "efficiencyFake_err": 0.0,
        "efficiencyMuon_corrected": 0.0,
        "efficiencyMuon_corrected_err": 0.0,
        "noiseGammaRate": 0.0,
        "noiseGammaRate_err": 0.0,
        "muonStreamerProbability": 0.0,
        "gammaStreamerProbability": 0.0
    },
    "HV6": {
        "muonCLS": 0.0,
        "muonCLS_err": 0.0,
        "muonCMP": 0.0,
        "muonCMP_err": 0.0,
        "gammaCLS": 1.0,
        "gammaCLS_err": 0.0,
        "gammaCMP": 1.4,
        "gammaCMP_err": 0.0,
        "efficiencyRaw": 0.029997000299970003,
        "efficiencyRaw_err": 0.01731617844656843,
        "efficiencyMuon": 0.0,
        "efficiencyMuon_err": 0.0,
        "efficiencyFake": 9.005960988610244e-06,
        "efficiencyFake_err": 0.00030008431601084645,
        "efficiencyMuon_corrected": 0.0,
        "efficiencyMuon_corrected_err": 0.0,
        "noiseGammaRate": 0.16700362208143799,
        "noiseGammaRate_err": 0.07224169980035726,
        "muonStreamerProbability": 0.0,
        "gammaStreamerProbability": 0.0
    },
    "HV7": {
        "muonCLS": 0.0,
        "muonCLS_err": 0.0,
        "muonCMP": 0.0,
        "muonCMP_err": 0.0,
        "gammaCLS": 1.0,
        "gammaCLS_err": 0.0,
        "gammaCMP": 1.4444444444444444,
        "gammaCMP_err": 0.0,
        "efficiencyRaw": 0.029994001199760045,
        "efficiencyRaw_err": 0.017314447434694808,
        "efficiencyMuon": 0.0,
        "efficiencyMuon_err": 0.0,
        "efficiencyFake": 9.005060572594588e-06,
        "efficiencyFake_err": 0.00030005431358108244,
        "efficiencyMuon_corrected": 0.0,
        "efficiencyMuon_corrected_err": 0.0,
        "noiseGammaRate": 0.3100724475782552,
        "noiseGammaRate_err": 0.1218762253532919,
        "muonStreamerProbability": 0.0,
        "gammaStreamerProbability": 0.0
    },
    "HV8": {
        "muonCLS": 0.0,
        "muonCLS_err": 0.0,
        "muonCMP": 0.0,
        "muonCMP_err": 0.0,
        "gammaCLS": 1.0,
        "gammaCLS_err": 0.0,
        "gammaCMP": 1.2307692307692308,
        "gammaCMP_err": 0.0,
        "efficiencyRaw": 0.009921619208254788,
        "efficiencyRaw_err": 0.009921127003407243,
        "efficiencyMuon": 0.0,
        "efficiencyMuon_err": 0.0,
        "efficiencyFake": 2.978755030164734e-06,
        "efficiencyFake_err": 0.000171912978694526,
        "efficiencyMuon_corrected": 0.0,
        "efficiencyMuon_corrected_err": 0.0,
        "noiseGammaRate": 0.3813620553266951,
        "noiseGammaRate_err": 0.15670073488975303,
        "muonStreamerProbability": 0.0,
        "gammaStreamerProbability": 0.0
    },
    "HV9": {
        "muonCLS": 0.0,
        "muonCLS_err": 0.0,
        "muonCMP": 0.0,
        "muonCMP_err": 0.0,
        "gammaCLS": 1.0,
        "gammaCLS_err": 0.0,
        "gammaCMP": 1.0,
        "gammaCMP_err": 0.0,
        "efficiencyRaw": 0.0,
        "efficiencyRaw_err": 0.0,
        "efficiencyMuon": 0.0,
        "efficiencyMuon_err": 0.0,
        "efficiencyFake": 0.0,
        "efficiencyFake_err": 0.0,
        "efficiencyMuon_corrected": 0.0,
        "efficiencyMuon_corrected_err": 0.0,
        "noiseGammaRate": 0.11896866826685934,
        "noiseGammaRate_err": 0.0609735260858297,
        "muonStreamerProbability": 0.0,
        "gammaStreamerProbability": 0.0
    },
    "HV10": {
        "muonCLS": 0.0,
        "muonCLS_err": 0.0,
        "muonCMP": 0.0,
        "muonCMP_err": 0.0,
        "gammaCLS": 1.0,
        "gammaCLS_err": 0.0,
        "gammaCMP": 1.6,
        "gammaCMP_err": 0.0,
        "efficiencyRaw": 0.019675356615838663,
        "efficiencyRaw_err": 0.013911209343317216,
        "efficiencyMuon": 0.0,
        "efficiencyMuon_err": 0.0,
        "efficiencyFake": 2.9535535611441565e-06,
        "efficiencyFake_err": 0.0001704585255760415,
        "efficiencyMuon_corrected": 0.0,
        "efficiencyMuon_corrected_err": 0.0,
        "noiseGammaRate": 0.1917868670398573,
        "noiseGammaRate_err": 0.07741666225687814,
        "muonStreamerProbability": 0.0,
        "gammaStreamerProbability": 0.0
    },
    "HV11": {
        "muonCLS": 1.0,
        "muonCLS_err": 0.0,
        "muonCMP": 1.0,
        "muonCMP_err": 0.0,
        "gammaCLS": 1.0,
        "gammaCLS_err": 0.0,
        "gammaCMP": 1.0,
        "gammaCMP_err": 0.0,
        "efficiencyRaw": 0.049217442661679295,
        "efficiencyRaw_err": 0.02200529227324387,