{
    "input_parameters": {
        "scanType": "efficiency",
        "scanid": 874,
        "HVPoint": 11,
        "chamberName": "SHiP Y",
        "TDC_channel_PMT": -1,
        "muonTriggerWindow": 5000,
        "noiseRateTriggerWindow": 5000,
        "timeWindowReject": 50,
        "triggerWindow": 5000,
        "muonWindowWidth": 3,
        "muonClusterTimeWindow": 15,
        "muonClusterTimeWindowUp": 10,
        "muonClusterTimeWindowDw": 20,
        "stripArea": 100,
        "nStrips": 32
    },
    "output_parameters": {
        "muonWindowSigma": 0.2431095146364705,
        "muonWindowMean": 362.6720462927764,
        "muonTimeWindowBegin": 361.942717748867,
        "muonTimeWindowEnd": 363.40137483668576,
        "muonTimeWindow": 1.4586570878187786,
        "noiseGammaTimeWindowBegin": 50,
        "noiseGammaTimeWindow": 4950,
        "noiseGammaTimeWindowEnd": 5000,
        "muonCLS": 1.0,
        "muonCMP": 1.0,
        "muonCLS_err": 0.0,
        "muonCMP_err": 0.0,
        "gammaCLS": 1.0579710144927537,
        "gammaCMP": 1.0298507462686568,
        "gammaCLS_err": 0.015558397271952185,
        "gammaCMP_err": 0.014925373134328401,
        "gammaCharge": -1,
        "gammaCharge_err": -1,
        "noiseGammaClusterRate": -1,
        "noiseGammaClusterRate_err": -1,
        "efficiencyRaw": 0.0036420907569642683,
        "efficiencyMuon": 9.84348853233586e-05,
        "efficiencyFake": 1.0152315173321412e-06,
        "efficiencyMuon_corrected": 9.741975270962981e-05,
        "efficiencyRaw_err": 0.0005976646756026865,
        "efficiencyMuon_err": 9.843004049080623e-05,
        "efficiencyFake_err": 9.996704283357652e-06,
        "efficiencyMuon_corrected_err": 9.792123354651317e-05,
        "noiseGammaRate": 0.227764448877427,
        "noiseGammaRate_err": 0.231310043850116,
        "beamMean": 9.679266950430556,
        "beamSigma": 0.24911490343643178,
        "muonStreamerProbability": 0.0,
        "gammaStreamerProbability": 0.0
    }
}