{
    "input_parameters": {
        "scanType": "efficiency",
        "scanid": 874,
        "HVPoint": 10,
        "chamberName": "KODEL-E (1.4 mm)",
        "TDC_channel_PMT": -1.0,
        "muonTriggerWindow": 5000,
        "noiseRateTriggerWindow": 5000,
        "timeWindowReject": 100,
        "triggerWindow": 5000,
        "muonWindowWidth": 3,
        "muonClusterTimeWindow": 30,
        "muonClusterTimeWindowUp": 25,
        "muonClusterTimeWindowDw": 35,
        "stripArea": 128,
        "nStrips": 16
    },
    "output_parameters": {
        "muonWindowSigma": 13.47119775011114,
        "muonWindowMean": 4615.268080540855,
        "muonTimeWindowBegin": 4577.768080540855,
        "muonTimeWindowEnd": 4652.768080540855,
        "muonTimeWindow": 75.0,
        "noiseGammaTimeWindowBegin": 100,
        "noiseGammaTimeWindow": 4900,
        "noiseGammaTimeWindowEnd": 5000,
        "muonCLS": 2.528400309119011,
        "muonCMP": 1.0899136660349547,
        "muonCLS_err": 0.5048981831043218,
        "muonCMP_err": 0.27195198989260905,
        "gammaCLS": 1.1889478452180666,
        "gammaCMP": 1.5987999172356715,
        "gammaCLS_err": 0.0282403278459884,
        "gammaCMP_err": 0.03889923442996057,
        "muonStreamerProbability": 0.052729955730447614,
        "gammaStreamerProbability": 0.0007499250074992501,
        "efficiencyRaw": 0.9908609409076747,
        "efficiencyMuon": 0.9863952643057431,
        "efficiencyFake": 0.015164649305562914,
        "efficiencyMuon_corrected": 0.9861857764501815,
        "efficiencyRaw_err": 0.0009697649957469262,
        "efficiencyMuon_err": 0.0011805379439260542,
        "efficiencyFake_err": 0.0012453958291708085,
        "efficiencyMuon_corrected_err": 0.001189465948506284,
        "beamMean": 8.577422404586356,
        "beamSigma": 1.9660830772978994,
        "noiseGammaRate": 45.80364832804588,
        "noiseGammaRate_err": 5.876599915931013
    }
}