{
    "input_parameters": {
        "scanType": "efficiency",
        "scanid": 874,
        "HVPoint": 8,
        "chamberName": "KODEL2D Y (horizontal strips)",
        "TDC_channel_PMT": -1,
        "muonTriggerWindow": 5000,
        "noiseRateTriggerWindow": 5000,
        "timeWindowReject": 100,
        "triggerWindow": 5000,
        "muonWindowWidth": 3,
        "muonClusterTimeWindow": 15,
        "muonClusterTimeWindowUp": 10,
        "muonClusterTimeWindowDw": 20,
        "stripArea": 64,
        "nStrips": 32
    },
    "output_parameters": {
        "muonWindowSigma": 10.631203915330532,
        "muonWindowMean": 4539.50256838884,
        "muonTimeWindowBegin": 4507.608956642848,
        "muonTimeWindowEnd": 4571.396180134831,
        "muonTimeWindow": 63.78722349198324,
        "noiseGammaTimeWindowBegin": 100,
        "noiseGammaTimeWindow": 4900,
        "noiseGammaTimeWindowEnd": 5000,
        "muonCLS": 1.657865887082039,
        "muonCMP": 1.1428273125913553,
        "muonCLS_err": 0.04365133451132208,
        "muonCMP_err": 0.030904155356024088,
        "gammaCLS": 1.417883861774136,
        "gammaCMP": 1.3979083665338645,
        "gammaCLS_err": 0.05673475096702241,
        "gammaCMP_err": 0.058266932270916394,
        "gammaCharge": -1,
        "gammaCharge_err": -1,
        "noiseGammaClusterRate": -1,
        "noiseGammaClusterRate_err": -1,
        "efficiencyRaw": 0.9595197936303205,
        "efficiencyMuon": 0.9502926877666436,
        "efficiencyFake": 0.012489545876706223,
        "efficiencyMuon_corrected": 0.9496640141622741,
        "efficiencyRaw_err": 0.0019630872636026827,
        "efficiencyMuon_err": 0.0021648614725533763,
        "efficiencyFake_err": 0.00110620457978106,
        "efficiencyMuon_corrected_err": 0.0021777877848003406,
        "noiseGammaRate": 19.71388577799148,
        "noiseGammaRate_err": 3.793103308126686,
        "beamMean": 16.049407674768783,
        "beamSigma": 1.9855020859006043,
        "muonStreamerProbability": 0.0,
        "gammaStreamerProbability": 0.0
    }
}