{
    "input_parameters": {
        "scanType": "efficiency",
        "scanid": 874,
        "HVPoint": 8,
        "chamberName": "KODEL-E (1.4 mm)",
        "TDC_channel_PMT": -1.0,
        "muonTriggerWindow": 5000,
        "noiseRateTriggerWindow": 5000,
        "timeWindowReject": 100,
        "triggerWindow": 5000,
        "muonWindowWidth": 3,
        "muonClusterTimeWindow": 30,
        "muonClusterTimeWindowUp": 25,
        "muonClusterTimeWindowDw": 35,
        "stripArea": 128,
        "nStrips": 16
    },
    "output_parameters": {
        "muonWindowSigma": 13.47119775011114,
        "muonWindowMean": 4615.268080540855,
        "muonTimeWindowBegin": 4574.854487290522,
        "muonTimeWindowEnd": 4655.681673791189,
        "muonTimeWindow": 80.82718650066636,
        "noiseGammaTimeWindowBegin": 100,
        "noiseGammaTimeWindow": 4900,
        "noiseGammaTimeWindowEnd": 5000,
        "muonCLS": 2.510659009052857,
        "muonCMP": 1.0913630086051205,
        "muonCLS_err": 0.4934526896410003,
        "muonCMP_err": 0.26697121002868385,
        "gammaCLS": 1.165878096298358,
        "gammaCMP": 1.5648954703832754,
        "gammaCLS_err": 0.01220142320554607,
        "gammaCMP_err": 0.016550522648083543,
        "muonStreamerProbability": 0.05248536561166783,
        "gammaStreamerProbability": 0.0006461874937866587,
        "efficiencyRaw": 0.9903664921465969,
        "efficiencyMuon": 0.9856544502617801,
        "efficiencyFake": 0.016334708894899064,
        "efficiencyMuon_corrected": 0.9854162286013941,
        "efficiencyRaw_err": 0.0009995131474475859,
        "efficiencyMuon_err": 0.0012168001527019599,
        "efficiencyFake_err": 0.0012971126283802237,
        "efficiencyMuon_corrected_err": 0.0012267133550830742,
        "beamMean": 8.57005828043102,
        "beamSigma": 1.9883858732907407,
        "noiseGammaRate": 41.52505785950292,
        "noiseGammaRate_err": 5.399358236418665
    }
}