HV_top,HV_bot,current_top,current_bot,muon_stream,gamma_stream,muon_CM,gamma_CM,muon_CS,gamma_CS,muon_CM_err,gamma_CM_err,muon_CS_err,gamma_CS_err,efficiency,eff_error,noiseGammaRate,deltaV,current,deltaV_err
7077.0,7077.0,91.33585054344601,79.61631980869505,0.008090291650019977,0.04605446602844131,1.454852891444031,19.24679148977939,1.5587323725399038,1.4839798757149452,0.08319242475481903,0.9038305808446445,0.08431138162814777,0.06656203408154449,0.8909229518630034,0.0031281694543621678,2825.160419005133,63.80577916859388,170.95217035214108,3.2325554751609524
