HV_top,HV_bot,current_top,current_bot,muon_stream,gamma_stream,muon_CM,gamma_CM,muon_CS,gamma_CS,muon_CM_err,gamma_CM_err,muon_CS_err,gamma_CS_err,efficiency,eff_error,noiseGammaRate,deltaV,current,deltaV_err
6960.0,6960.0,27.475558190172062,20.49741482538566,0.019404816689676332,0.022247717863021897,1.12502072624772,3.9628636052811532,1.8692704495210022,1.7482478961480263,0.1359641850439397,0.25024985534690414,0.20155184334085763,0.1038421555009239,0.9425004187960373,0.002058840726263915,669.5959837208951,17.609224891894467,47.97297301555773,0.8945660941243755
