{
    "input_parameters": {
        "scanType": "efficiency",
        "scanid": 874,
        "HVPoint": 1,
        "chamberName": "KODEL2D Y (horizontal strips)",
        "TDC_channel_PMT": -1,
        "muonTriggerWindow": 5000,
        "noiseRateTriggerWindow": 5000,
        "timeWindowReject": 100,
        "triggerWindow": 5000,
        "muonWindowWidth": 3,
        "muonClusterTimeWindow": 15,
        "muonClusterTimeWindowUp": 10,
        "muonClusterTimeWindowDw": 20,
        "stripArea": 64,
        "nStrips": 32
    },
    "output_parameters": {
        "muonWindowSigma": 10.631203915330532,
        "muonWindowMean": 4539.50256838884,
        "muonTimeWindowBegin": 4507.608956642848,
        "muonTimeWindowEnd": 4571.396180134831,
        "muonTimeWindow": 63.78722349198324,
        "noiseGammaTimeWindowBegin": 100,
        "noiseGammaTimeWindow": 4900,
        "noiseGammaTimeWindowEnd": 5000,
        "muonCLS": 1.6894800036944675,
        "muonCMP": 1.139444327509998,
        "muonCLS_err": 0.04333169555911831,
        "muonCMP_err": 0.02999368553988635,
        "gammaCLS": 1.3353313353313354,
        "gammaCMP": 1.43752991862135,
        "gammaCLS_err": 0.056224477277109,
        "gammaCMP_err": 0.06318812829104825,
        "gammaCharge": -1,
        "gammaCharge_err": -1,
        "noiseGammaClusterRate": -1,
        "noiseGammaClusterRate_err": -1,
        "efficiencyRaw": 0.9585497403116261,
        "efficiencyMuon": 0.9490611266480223,
        "efficiencyFake": 0.012478209492538814,
        "efficiencyMuon_corrected": 0.9484174690203023,
        "efficiencyRaw_err": 0.001992097242682912,
        "efficiencyMuon_err": 0.0021974112300668838,
        "efficiencyFake_err": 0.0011094022939853842,
        "efficiencyMuon_corrected_err": 0.0022105007964751244,
        "noiseGammaRate": -1,
        "noiseGammaRate_err": -1,
        "beamMean": -1,
        "beamSigma": -1,
        "muonStreamerProbability": -1,
        "gammaStreamerProbability": -1
    }
}