{
    "input_parameters": {
        "scanType": "efficiency",
        "scanid": 874,
        "HVPoint": 4,
        "chamberName": "KODEL-E (1.4 mm)",
        "TDC_channel_PMT": -1.0,
        "muonTriggerWindow": 5000,
        "noiseRateTriggerWindow": 5000,
        "timeWindowReject": 100,
        "triggerWindow": 5000,
        "muonWindowWidth": 3,
        "muonClusterTimeWindow": 30,
        "muonClusterTimeWindowUp": 25,
        "muonClusterTimeWindowDw": 35,
        "stripArea": 128,
        "nStrips": 16
    },
    "output_parameters": {
        "muonWindowSigma": 13.47119775011114,
        "muonWindowMean": 4615.268080540855,
        "muonTimeWindowBegin": 4577.768080540855,
        "muonTimeWindowEnd": 4652.768080540855,
        "muonTimeWindow": 75.0,
        "noiseGammaTimeWindowBegin": 100,
        "noiseGammaTimeWindow": 4900,
        "noiseGammaTimeWindowEnd": 5000,
        "muonCLS": 2.5051465542593863,
        "muonCMP": 1.087178940637323,
        "muonCLS_err": 0.4889729842396622,
        "muonCMP_err": 0.2636683363529788,
        "gammaCLS": 1.1503790489317711,
        "gammaCMP": 1.724096958174905,
        "gammaCLS_err": 0.013011918923594434,
        "gammaCMP_err": 0.019724334600760285,
        "muonStreamerProbability": 0.050613956274333634,
        "gammaStreamerProbability": 0.0006428006329113924,
        "efficiencyRaw": 0.9904311251314406,
        "efficiencyMuon": 0.98664563617245,
        "efficiencyFake": 0.015158050601944247,
        "efficiencyMuon_corrected": 0.9864400944377804,
        "efficiencyRaw_err": 0.0009982798824437083,
        "efficiencyMuon_err": 0.0011770690575211152,
        "efficiencyFake_err": 0.001252895032536439,
        "efficiencyMuon_corrected_err": 0.0011859692590552736,
        "beamMean": 8.60797105331239,
        "beamSigma": 1.9767879360016158,
        "noiseGammaRate": 41.14949842932571,
        "noiseGammaRate_err": 5.524053629423497
    }
}