{
    "chamberName": "KODEL2D Y (horizontal strips)",
    "scanid": 874,
    "HV1": {
        "muonCLS": 1.6894800036944675,
        "muonCLS_err": 0.04333169555911831,
        "muonCMP": 1.139444327509998,
        "muonCMP_err": 0.02999368553988635,
        "gammaCLS": 1.3353313353313354,
        "gammaCLS_err": 0.056224477277109,
        "gammaCMP": 1.43752991862135,
        "gammaCMP_err": 0.06318812829104825,
        "efficiencyRaw": 95.85497403116261,
        "efficiencyRaw_err": 0.1992097242682912,
        "efficiencyMuon": 94.90611266480224,
        "efficiencyMuon_err": 0.21974112300668838,
        "efficiencyFake": 1.2478209492538814,
        "efficiencyFake_err": 0.11094022939853843,
        "efficiencyMuon_corrected": 94.84174690203024,
        "efficiencyMuon_corrected_err": 0.22105007964751244,
        "noiseGammaRate": 19.885216776434383,
        "noiseGammaRate_err": 3.7414231590607105,
        "muonStreamerProbability": 0.0,
        "gammaStreamerProbability": 0.0
    },
    "HV2": {
        "muonCLS": 1.7373028175435397,
        "muonCLS_err": 0.05194235757007659,
        "muonCMP": 1.1422768461618582,
        "muonCMP_err": 0.035204666180606026,
        "gammaCLS": 1.318215069495245,
        "gammaCLS_err": 0.04471683627969725,
        "gammaCMP": 1.4899182561307902,
        "gammaCMP_err": 0.052316076294277813,
        "efficiencyRaw": 95.91372316216483,
        "efficiencyRaw_err": 0.19692149987670807,
        "efficiencyMuon": 94.99356881369349,
        "efficiencyMuon_err": 0.2169202492147413,
        "efficiencyFake": 1.2479417344895851,
        "efficiencyFake_err": 0.11042288755865827,
        "efficiencyMuon_corrected": 94.93030193573694,
        "efficiencyMuon_corrected_err": 0.2182138670533237,
        "noiseGammaRate": 17.69577934647621,
        "noiseGammaRate_err": 3.5648938923307587,
        "muonStreamerProbability": 0.0,
        "gammaStreamerProbability": 0.0
    },
    "HV3": {
        "muonCLS": 1.695138953434334,
        "muonCLS_err": 0.04747430441454892,
        "muonCMP": 1.1343173431734317,
        "muonCMP_err": 0.03268318397469683,
        "gammaCLS": 1.4335431321732692,
        "gammaCLS_err": 0.05854313217326923,
        "gammaCMP": 1.5242663656884876,
        "gammaCMP_err": 0.06489841986455969,
        "efficiencyRaw": 95.92040795920408,
        "efficiencyRaw_err": 0.19780723069689607,
        "efficiencyMuon": 94.84051594840516,
        "efficiencyMuon_err": 0.22119656452139277,
        "efficiencyFake": 1.2484124251077162,
        "efficiencyFake_err": 0.11102719571772464,
        "efficiencyMuon_corrected": 94.77529001983696,
        "efficiencyMuon_corrected_err": 0.22251379535893143,
        "noiseGammaRate": 18.96681102761116,
        "noiseGammaRate_err": 3.8139620854851914,
        "muonStreamerProbability": 0.0,
        "gammaStreamerProbability": 0.0
    },
    "HV4": {
        "muonCLS": 1.6668518518518518,
        "muonCLS_err": 0.04461160674056042,
        "muonCMP": 1.1385199240986716,
        "muonCMP_err": 0.03130929791271364,
        "gammaCLS": 1.33145856767904,
        "gammaCLS_err": 0.059610430143223425,
        "gammaCMP": 1.4254409406734367,
        "gammaCMP_err": 0.06680919294494925,
        "efficiencyRaw": 95.83707696915245,
        "efficiencyRaw_err": 0.19957086208440133,
        "efficiencyMuon": 94.69901168014376,
        "efficiencyMuon_err": 0.22386299513950364,
        "efficiencyFake": 1.24719809762702,
        "efficiencyFake_err": 0.11088520310997718,
        "efficiencyMuon_corrected": 94.63206287038133,
        "efficiencyMuon_corrected_err": 0.22519255433148333,
        "noiseGammaRate": 17.496757931069972,
        "noiseGammaRate_err": 3.4688802353491672,
        "muonStreamerProbability": 0.0,
        "gammaStreamerProbability": 0.0
    },
    "HV5": {
        "muonCLS": 1.6894795332468975,
        "muonCLS_err": 0.048331638320665116,
        "muonCMP": 1.1365119461109356,
        "muonCMP_err": 0.03347016103568046,
        "gammaCLS": 1.4012490241998439,
        "gammaCLS_err": 0.06019560619461406,
        "gammaCMP": 1.4565093803297329,
        "gammaCMP_err": 0.06537805571347355,
        "efficiencyRaw": 95.63484153876819,
        "efficiencyRaw_err": 0.20397222335966234,
        "efficiencyMuon": 94.68806059398047,
        "efficiencyMuon_err": 0.22389124870043778,
        "efficiencyFake": 1.2443066238292075,
        "efficiencyFake_err": 0.11066434795359512,
        "efficiencyMuon_corrected": 94.62113097035753,
        "efficiencyMuon_corrected_err": 0.22521769216135662,
        "noiseGammaRate": 17.714322978510545,
        "noiseGammaRate_err": 3.533695973890771,
        "muonStreamerProbability": 0.0,
        "gammaStreamerProbability": 0.0
    },
    "HV6": {
        "muonCLS": 1.70974930362117,
        "muonCLS_err": 0.05023236057863212,
        "muonCMP": 1.1360759493670887,
        "muonCMP_err": 0.034388185654008474,
        "gammaCLS": 1.3883424408014573,
        "gammaCLS_err": 0.05489247579096035,
        "gammaCMP": 1.4593301435406698,
        "gammaCMP_err": 0.06007442849548128,
        "efficiencyRaw": 95.82041795820419,
        "efficiencyRaw_err": 0.20011228178454174,
        "efficiencyMuon": 94.79052094790521,
        "efficiencyMuon_err": 0.2222070784717583,
        "efficiencyFake": 1.2469806102108143,
        "efficiencyFake_err": 0.11096431286684456,
        "efficiencyMuon_corrected": 94.72473947198273,
        "efficiencyMuon_corrected_err": 0.22352801041297496,
        "noiseGammaRate": 18.894633236398196,
        "noiseGammaRate_err": 3.7007282106873896,
        "muonStreamerProbability": 0.0,
        "gammaStreamerProbability": 0.0
    },
    "HV7": {
        "muonCLS": 1.6868162432783238,
        "muonCLS_err": 0.047126264907739746,
        "muonCMP": 1.1356074963150138,
        "muonCMP_err": 0.03263845020004208,
        "gammaCLS": 1.3801407928862541,
        "gammaCLS_err": 0.06295550292868701,
        "gammaCMP": 1.335477486392875,
        "gammaCMP_err": 0.06382978723404253,
        "efficiencyRaw": 96.23075384923015,
        "efficiencyRaw_err": 0.1904323684560951,
        "efficiencyMuon": 94.9610077984403,
        "efficiencyMuon_err": 0.21872633479522388,
        "efficiencyFake": 1.252322320107127,
        "efficiencyFake_err": 0.11119316210031914,
        "efficiencyMuon_corrected": 94.89710308135606,
        "efficiencyMuon_corrected_err": 0.22003483911445457,
        "noiseGammaRate": 18.463658935271283,
        "noiseGammaRate_err": 3.599449916125574,
        "muonStreamerProbability": 0.0,
        "gammaStreamerProbability": 0.0
    },
    "HV8": {
        "muonCLS": 1.657865887082039,
        "muonCLS_err": 0.04365133451132208,
        "muonCMP": 1.1428273125913553,
        "muonCMP_err": 0.030904155356024088,
        "gammaCLS": 1.417883861774136,
        "gammaCLS_err": 0.05673475096702241,
        "gammaCMP": 1.3979083665338645,
        "gammaCMP_err": 0.058266932270916394,
        "efficiencyRaw": 95.95197936303205,
        "efficiencyRaw_err": 0.19630872636026828,
        "efficiencyMuon": 95.02926877666435,
        "efficiencyMuon_err": 0.21648614725533763,
        "efficiencyFake": 1.2489545876706223,
        "efficiencyFake_err": 0.11062045797810599,
        "efficiencyMuon_corrected": 94.96640141622741,
        "efficiencyMuon_corrected_err": 0.21777877848003407,
        "noiseGammaRate": 19.71388577799148,
        "noiseGammaRate_err": 3.793103308126686,
        "muonStreamerProbability": 0.0,
        "gammaStreamerProbability": 0.0
    },
    "HV9": {
        "muonCLS": 1.6886653129038214,
        "muonCLS_err": 0.048593596184861365,
        "muonCMP": 1.1423450021088148,
        "muonCMP_err": 0.03384647827920717,
        "gammaCLS": 1.4306151645207439,
        "gammaCLS_err": 0.058402471553334,
        "gammaCMP": 1.4661772417409544,
        "gammaCMP_err": 0.062401678028316754,
        "efficiencyRaw": 95.45726240286909,
        "efficiencyRaw_err": 0.20784506516499096,