{
    "input_parameters": {
        "scanType": "efficiency",
        "scanid": 874,
        "HVPoint": 5,
        "chamberName": "KODEL2D Y (horizontal strips)",
        "TDC_channel_PMT": -1,
        "muonTriggerWindow": 5000,
        "noiseRateTriggerWindow": 5000,
        "timeWindowReject": 100,
        "triggerWindow": 5000,
        "muonWindowWidth": 3,
        "muonClusterTimeWindow": 15,
        "muonClusterTimeWindowUp": 10,
        "muonClusterTimeWindowDw": 20,
        "stripArea": 64,
        "nStrips": 32
    },
    "output_parameters": {
        "muonWindowSigma": 10.631203915330532,
        "muonWindowMean": 4539.50256838884,
        "muonTimeWindowBegin": 4507.608956642848,
        "muonTimeWindowEnd": 4571.396180134831,
        "muonTimeWindow": 63.78722349198324,
        "noiseGammaTimeWindowBegin": 100,
        "noiseGammaTimeWindow": 4900,
        "noiseGammaTimeWindowEnd": 5000,
        "muonCLS": 1.6894795332468975,
        "muonCMP": 1.1365119461109356,
        "muonCLS_err": 0.048331638320665116,
        "muonCMP_err": 0.03347016103568046,
        "gammaCLS": 1.4012490241998439,
        "gammaCMP": 1.4565093803297329,
        "gammaCLS_err": 0.06019560619461406,
        "gammaCMP_err": 0.06537805571347355,
        "gammaCharge": -1,
        "gammaCharge_err": -1,
        "noiseGammaClusterRate": -1,
        "noiseGammaClusterRate_err": -1,
        "efficiencyRaw": 0.9563484153876819,
        "efficiencyMuon": 0.9468806059398046,
        "efficiencyFake": 0.012443066238292076,
        "efficiencyMuon_corrected": 0.9462113097035753,
        "efficiencyRaw_err": 0.0020397222335966233,
        "efficiencyMuon_err": 0.002238912487004378,
        "efficiencyFake_err": 0.0011066434795359511,
        "efficiencyMuon_corrected_err": 0.002252176921613566,
        "noiseGammaRate": 17.714322978510545,
        "noiseGammaRate_err": 3.533695973890771,
        "beamMean": 16.019432981802968,
        "beamSigma": 2.0313396126457444,
        "muonStreamerProbability": 0.0,
        "gammaStreamerProbability": 0.0
    }
}