{
    "input_parameters": {
        "scanType": "efficiency",
        "scanid": 874,
        "HVPoint": 9,
        "chamberName": "KODEL2D Y (horizontal strips)",
        "TDC_channel_PMT": -1,
        "muonTriggerWindow": 5000,
        "noiseRateTriggerWindow": 5000,
        "timeWindowReject": 100,
        "triggerWindow": 5000,
        "muonWindowWidth": 3,
        "muonClusterTimeWindow": 15,
        "muonClusterTimeWindowUp": 10,
        "muonClusterTimeWindowDw": 20,
        "stripArea": 64,
        "nStrips": 32
    },
    "output_parameters": {
        "muonWindowSigma": 10.631203915330532,
        "muonWindowMean": 4539.50256838884,
        "muonTimeWindowBegin": 4507.608956642848,
        "muonTimeWindowEnd": 4571.396180134831,
        "muonTimeWindow": 63.78722349198324,
        "noiseGammaTimeWindowBegin": 100,
        "noiseGammaTimeWindow": 4900,
        "noiseGammaTimeWindowEnd": 5000,
        "muonCLS": 1.6886653129038214,
        "muonCMP": 1.1423450021088148,
        "muonCLS_err": 0.048593596184861365,
        "muonCMP_err": 0.03384647827920717,
        "gammaCLS": 1.4306151645207439,
        "gammaCMP": 1.4661772417409544,
        "gammaCLS_err": 0.058402471553334,
        "gammaCMP_err": 0.062401678028316754,
        "gammaCharge": -1,
        "gammaCharge_err": -1,
        "noiseGammaClusterRate": -1,
        "noiseGammaClusterRate_err": -1,
        "efficiencyRaw": 0.9545726240286909,
        "efficiencyMuon": 0.9448097230524009,
        "efficiencyFake": 0.012425139333322994,
        "efficiencyMuon_corrected": 0.9441153484705532,
        "efficiencyRaw_err": 0.0020784506516499097,
        "efficiencyMuon_err": 0.00227918652181868,
        "efficiencyFake_err": 0.0011056356947417173,
        "efficiencyMuon_corrected_err": 0.002292636524354276,
        "noiseGammaRate": 19.778541099365363,
        "noiseGammaRate_err": 3.826348566841043,
        "beamMean": 16.018989179129917,
        "beamSigma": 2.0125130511784683,
        "muonStreamerProbability": 0.0,
        "gammaStreamerProbability": 0.0
    }
}