{
    "input_parameters": {
        "scanType": "efficiency",
        "scanid": 874,
        "HVPoint": 10,
        "chamberName": "KODEL2D X (vertical strips)",
        "TDC_channel_PMT": -1,
        "muonTriggerWindow": 5000,
        "noiseRateTriggerWindow": 5000,
        "timeWindowReject": 100,
        "triggerWindow": 5000,
        "muonWindowWidth": 3,
        "muonClusterTimeWindow": 15,
        "muonClusterTimeWindowUp": 10,
        "muonClusterTimeWindowDw": 20,
        "stripArea": 64,
        "nStrips": 32
    },
    "output_parameters": {
        "muonWindowSigma": 10.532325714021212,
        "muonWindowMean": 4597.079081172976,
        "muonTimeWindowBegin": 4565.4821040309125,
        "muonTimeWindowEnd": 4628.676058315039,
        "muonTimeWindow": 63.19395428412645,
        "noiseGammaTimeWindowBegin": 100,
        "noiseGammaTimeWindow": 4900,
        "noiseGammaTimeWindowEnd": 5000,
        "muonCLS": 2.5832681170762246,
        "muonCMP": 1.2665279016750917,
        "muonCLS_err": 0.2909764504095578,
        "muonCMP_err": 0.16076915452472984,
        "gammaCLS": 1.2489349879607334,
        "gammaCMP": 1.4735262008733625,
        "gammaCLS_err": 0.04879260120270201,
        "gammaCMP_err": 0.059907205240174566,
        "gammaCharge": -1,
        "gammaCharge_err": -1,
        "noiseGammaClusterRate": -1,
        "noiseGammaClusterRate_err": -1,
        "efficiencyRaw": 0.995966551893753,
        "efficiencyMuon": 0.9925233644859813,
        "efficiencyFake": 0.012840900876550062,
        "efficiencyMuon_corrected": 0.9924261089011309,
        "efficiencyRaw_err": 0.0006286471082267584,
        "efficiencyMuon_err": 0.0008544168070779814,
        "efficiencyFake_err": 0.001116702868594361,
        "efficiencyMuon_corrected_err": 0.0008599138171902704,
        "noiseGammaRate": 67.18676027805384,
        "noiseGammaRate_err": 6.476429300407869,
        "beamMean": 22.92852747811787,
        "beamSigma": 3.5923934817283163,
        "muonStreamerProbability": 0.0,
        "gammaStreamerProbability": 0.0
    }
}