{
    "input_parameters": {
        "scanType": "efficiency",
        "scanid": 874,
        "HVPoint": 4,
        "chamberName": "KODEL-H (1.4 mm)",
        "TDC_channel_PMT": -1,
        "muonTriggerWindow": 5000,
        "noiseRateTriggerWindow": 5000,
        "timeWindowReject": 100,
        "triggerWindow": 5000,
        "muonWindowWidth": 3,
        "muonClusterTimeWindow": 15,
        "muonClusterTimeWindowUp": 10,
        "muonClusterTimeWindowDw": 20,
        "stripArea": 77.7,
        "nStrips": 32
    },
    "output_parameters": {
        "muonWindowSigma": 10.39295298666458,
        "muonWindowMean": 4606.813530734686,
        "muonTimeWindowBegin": 4569.313530734686,
        "muonTimeWindowEnd": 4644.313530734686,
        "muonTimeWindow": 75.0,
        "noiseGammaTimeWindowBegin": 100,
        "noiseGammaTimeWindow": 4900,
        "noiseGammaTimeWindowEnd": 5000,
        "muonCLS": 1.686500726744186,
        "muonCMP": 1.1449968795506553,
        "muonCLS_err": 0.14327545658624752,
        "muonCMP_err": 0.10630330767630536,
        "gammaCLS": 1.3763440860215055,
        "gammaCMP": 1.3614864864864864,
        "gammaCLS_err": 0.07124604680581914,
        "gammaCMP_err": 0.07432432432432434,
        "muonStreamerProbability": 0.012179295198163123,
        "gammaStreamerProbability": 0.0014339398734177216,
        "efficiencyRaw": 0.9762506316321374,
        "efficiencyMuon": 0.9716018191005559,
        "efficiencyFake": 0.01493951800022687,
        "efficiencyMuon_corrected": 0.9711711296733853,
        "efficiencyRaw_err": 0.0015307307145490628,
        "efficiencyMuon_err": 0.001669865611142725,
        "efficiencyFake_err": 0.001219528185266209,
        "efficiencyMuon_corrected_err": 0.0016821076844189856,
        "beamMean": 12.754496981326119,
        "beamSigma": 2.957504576285562,
        "noiseGammaRate": 6.763046715348507,
        "noiseGammaRate_err": 2.357884299093094
    }
}