{
    "input_parameters": {
        "scanType": "efficiency",
        "scanid": 874,
        "HVPoint": 4,
        "chamberName": "KODEL-H (1.4 mm)",
        "TDC_channel_PMT": -1,
        "muonTriggerWindow": 5000,
        "noiseRateTriggerWindow": 5000,
        "timeWindowReject": 100,
        "triggerWindow": 5000,
        "muonWindowWidth": 3,
        "muonClusterTimeWindow": 15,
        "muonClusterTimeWindowUp": 10,
        "muonClusterTimeWindowDw": 20,
        "stripArea": 77.7,
        "nStrips": 32
    },
    "output_parameters": {
        "muonWindowSigma": 10.392929706297792,
        "muonWindowMean": 4606.813513031409,
        "muonTimeWindowBegin": 4575.634723912515,
        "muonTimeWindowEnd": 4637.992302150302,
        "muonTimeWindow": 62.35757823778658,
        "noiseGammaTimeWindowBegin": 100,
        "noiseGammaTimeWindow": 4900,
        "noiseGammaTimeWindowEnd": 5000,
        "muonCLS": 1.6869881710646042,
        "muonCMP": 1.1434814275309542,
        "muonCLS_err": 0.14301748485541022,
        "muonCMP_err": 0.10592029965664329,
        "gammaCLS": 1.3763440860215055,
        "gammaCMP": 1.3614864864864864,
        "gammaCLS_err": 0.07124604680581914,
        "gammaCMP_err": 0.07432432432432434,
        "gammaCharge": -1,
        "gammaCharge_err": -1,
        "noiseGammaClusterRate": -1,
        "noiseGammaClusterRate_err": -1,
        "efficiencyRaw": 0.9762506316321374,
        "efficiencyMuon": 0.9712986356745831,
        "efficiencyFake": 0.012421228833786241,
        "efficiencyMuon_corrected": 0.9709376455191275,
        "efficiencyRaw_err": 0.0015307307145490628,
        "efficiencyMuon_err": 0.0016784938751335074,
        "efficiencyFake_err": 0.0011134231711093085,
        "efficiencyMuon_corrected_err": 0.0016887025865322002,
        "noiseGammaRate": 6.763046715348507,
        "noiseGammaRate_err": 2.357884299093094,
        "beamMean": 12.753736696946442,
        "beamSigma": 2.956838659632789,
        "muonStreamerProbability": 0.012179295198163123,
        "gammaStreamerProbability": 0.0014339398734177216
    }
}