{
    "input_parameters": {
        "scanType": "efficiency",
        "scanid": 874,
        "HVPoint": 1,
        "chamberName": "KODEL-E (1.4 mm)",
        "TDC_channel_PMT": -1.0,
        "muonTriggerWindow": 5000,
        "noiseRateTriggerWindow": 5000,
        "timeWindowReject": 100,
        "triggerWindow": 5000,
        "muonWindowWidth": 3,
        "muonClusterTimeWindow": 30,
        "muonClusterTimeWindowUp": 25,
        "muonClusterTimeWindowDw": 35,
        "stripArea": 128,
        "nStrips": 16
    },
    "output_parameters": {
        "muonWindowSigma": 13.47119775011114,
        "muonWindowMean": 4615.268080540855,
        "muonTimeWindowBegin": 4577.768080540855,
        "muonTimeWindowEnd": 4652.768080540855,
        "muonTimeWindow": 75.0,
        "noiseGammaTimeWindowBegin": 100,
        "noiseGammaTimeWindow": 4900,
        "noiseGammaTimeWindowEnd": 5000,
        "muonCLS": 2.496623935805852,
        "muonCMP": 1.0915402691732536,
        "muonCLS_err": 0.5065303320617023,
        "muonCMP_err": 0.2778252510147403,
        "gammaCLS": 1.1440135787961876,
        "gammaCMP": 1.643209611671315,
        "gammaCLS_err": 0.011972235126936903,
        "gammaCMP_err": 0.017378245011800075,
        "muonStreamerProbability": 0.05253695565321614,
        "gammaStreamerProbability": 0.0008957452102513063,
        "efficiencyRaw": 0.9915665190807506,
        "efficiencyMuon": 0.9869281045751634,
        "efficiencyFake": 0.015175425008713163,
        "efficiencyMuon_corrected": 0.986726676245917,
        "efficiencyRaw_err": 0.0009389074827181665,
        "efficiencyMuon_err": 0.0011661931348952168,
        "efficiencyFake_err": 0.0012551866455350227,
        "efficiencyMuon_corrected_err": 0.0011750239490744027,
        "beamMean": 8.573158031534188,
        "beamSigma": 2.014576360996247,
        "noiseGammaRate": 43.488897464150774,
        "noiseGammaRate_err": 5.684101347283564
    }
}