{
    "chamberName": "SHiP X",
    "scanid": 874,
    "HV1": {
        "muonCLS": 1.0666666666666667,
        "muonCLS_err": 0.0,
        "muonCMP": 1.0975609756097562,
        "muonCMP_err": 0.0,
        "gammaCLS": 1.0505376344086022,
        "gammaCLS_err": 0.0011283970294400092,
        "gammaCMP": 1.1877394636015326,
        "gammaCMP_err": 0.0012771392081736277,
        "efficiencyRaw": 4.174990011985617,
        "efficiencyRaw_err": 0.19989721180020398,
        "efficiencyMuon": 0.40950858969236914,
        "efficiencyMuon_err": 0.06382341306099826,
        "efficiencyFake": 0.3207368739124721,
        "efficiencyFake_err": 0.05650884554957384,
        "efficiencyMuon_corrected": 0.08905735555810329,
        "efficiencyMuon_corrected_err": 0.029811306203352993,
        "noiseGammaRate": 4.384835810563603,
        "noiseGammaRate_err": 0.9140089698639295,
        "muonStreamerProbability": 0.0,
        "gammaStreamerProbability": 0.0
    },
    "HV2": {
        "muonCLS": 1.0,
        "muonCLS_err": 0.0,
        "muonCMP": 1.0294117647058822,
        "muonCMP_err": 0.0,
        "gammaCLS": 1.0651013874066169,
        "gammaCLS_err": 0.003421096533426038,
        "gammaCMP": 1.1997439180537772,
        "gammaCMP_err": 0.003841229193341844,
        "efficiencyRaw": 4.571089344018997,
        "efficiencyRaw_err": 0.20774888674000938,
        "efficiencyMuon": 0.3364005144949045,
        "efficiencyMuon_err": 0.05759509208060894,
        "efficiencyFake": 0.3479444804358341,
        "efficiencyFake_err": 0.058571584592106776,
        "efficiencyMuon_corrected": 0.0,
        "efficiencyMuon_corrected_err": 0.0,
        "noiseGammaRate": 4.434945307081301,
        "noiseGammaRate_err": 0.9925760168340299,
        "muonStreamerProbability": 0.0,
        "gammaStreamerProbability": 0.0
    },
    "HV3": {
        "muonCLS": 1.108695652173913,
        "muonCLS_err": 0.0,
        "muonCMP": 1.15,
        "muonCMP_err": 0.0,
        "gammaCLS": 1.09849157054126,
        "gammaCLS_err": 0.0029163493023218745,
        "gammaCMP": 1.19385593220339,
        "gammaCMP_err": 0.0031779661016948513,
        "efficiencyRaw": 4.709529047095291,
        "efficiencyRaw_err": 0.21183209578042986,
        "efficiencyMuon": 0.3999600039996,
        "efficiencyMuon_err": 0.06311263676177824,
        "efficiencyFake": 0.36337950543185066,
        "efficiencyFake_err": 0.060168335235115326,
        "efficiencyMuon_corrected": 0.03671390939011586,
        "efficiencyMuon_corrected_err": 0.01915639856617849,
        "noiseGammaRate": 5.488484326413834,
        "noiseGammaRate_err": 1.0120775852132595,
        "muonStreamerProbability": 0.0,
        "gammaStreamerProbability": 0.0
    },
    "HV4": {
        "muonCLS": 1.0857142857142856,
        "muonCLS_err": 0.0,
        "muonCMP": 1.09375,
        "muonCMP_err": 0.0,
        "gammaCLS": 1.077856420626896,
        "gammaCLS_err": 0.0021752904553520302,
        "gammaCMP": 1.259872611464968,
        "gammaCMP_err": 0.002547770700636942,
        "efficiencyRaw": 3.9432963961265846,
        "efficiencyRaw_err": 0.1944575068931957,
        "efficiencyMuon": 0.3194569232305081,
        "efficiencyMuon_err": 0.05638226430525093,
        "efficiencyFake": 0.3018113077285942,
        "efficiencyFake_err": 0.05480782284566701,
        "efficiencyMuon_corrected": 0.017699033185426174,
        "efficiencyMuon_corrected_err": 0.013291301159390884,
        "noiseGammaRate": 4.7537564843735725,
        "noiseGammaRate_err": 0.891775603853882,
        "muonStreamerProbability": 0.0,
        "gammaStreamerProbability": 0.0
    },
    "HV5": {
        "muonCLS": 1.0238095238095237,
        "muonCLS_err": 0.0,
        "muonCMP": 1.105263157894737,
        "muonCMP_err": 0.0,
        "gammaCLS": 1.059136605558841,
        "gammaCLS_err": 0.0025112901139510146,
        "gammaCMP": 1.1598079561042525,
        "gammaCMP_err": 0.002743484224965842,
        "efficiencyRaw": 4.883396452062986,
        "efficiencyRaw_err": 0.21515533052788213,
        "efficiencyMuon": 0.3787123779150887,
        "efficiencyMuon_err": 0.061318818328439835,
        "efficiencyFake": 0.3746735341724969,
        "efficiencyFake_err": 0.0609922056405389,
        "efficiencyMuon_corrected": 0.004054033131803263,
        "efficiencyMuon_corrected_err": 0.006356203528864386,
        "noiseGammaRate": 7.998315128792969,
        "noiseGammaRate_err": 1.1317037568723172,
        "muonStreamerProbability": 0.0,
        "gammaStreamerProbability": 0.0
    },
    "HV6": {
        "muonCLS": 1.0434782608695652,
        "muonCLS_err": 0.0,
        "muonCMP": 1.0952380952380953,
        "muonCMP_err": 0.0,
        "gammaCLS": 1.069406392694064,
        "gammaCLS_err": 0.0019496926029063388,
        "gammaCMP": 1.2139689578713968,
        "gammaCMP_err": 0.0022172949002217113,
        "efficiencyRaw": 4.899510048995101,
        "efficiencyRaw_err": 0.2158469866033993,
        "efficiencyMuon": 0.41995800419958007,
        "efficiencyMuon_err": 0.06466471539352028,
        "efficiencyFake": 0.3782592696628963,
        "efficiencyFake_err": 0.061383286799669985,
        "efficiencyMuon_corrected": 0.041857062756569106,
        "efficiencyMuon_corrected_err": 0.0204536938188765,
        "noiseGammaRate": 5.254473760369575,
        "noiseGammaRate_err": 1.029075328303725,
        "muonStreamerProbability": 0.0,
        "gammaStreamerProbability": 0.0
    },
    "HV7": {
        "muonCLS": 1.0454545454545454,
        "muonCLS_err": 0.0,
        "muonCMP": 1.0476190476190477,
        "muonCMP_err": 0.0,
        "gammaCLS": 1.1128472222222223,
        "gammaCLS_err": 0.0038775164537359075,
        "gammaCMP": 1.2190476190476192,
        "gammaCMP_err": 0.004232804232804366,
        "efficiencyRaw": 9.348130373925216,
        "efficiencyRaw_err": 0.2910766298924871,
        "efficiencyMuon": 0.629874025194961,
        "efficiencyMuon_err": 0.079106349683676,
        "efficiencyFake": 0.7157234088775088,
        "efficiencyFake_err": 0.08428871319185777,
        "efficiencyMuon_corrected": 0.0,
        "efficiencyMuon_corrected_err": 0.0,
        "noiseGammaRate": 5.751118713713222,
        "noiseGammaRate_err": 1.0110842025766065,
        "muonStreamerProbability": 0.0,
        "gammaStreamerProbability": 0.0
    },
    "HV8": {
        "muonCLS": 1.18,
        "muonCLS_err": 0.023137254901960613,
        "muonCMP": 1.0638297872340425,
        "muonCMP_err": 0.02127659574468077,
        "gammaCLS": 1.0475703324808183,
        "gammaCLS_err": 0.0,
        "gammaCMP": 1.1372891215823153,
        "gammaCMP_err": 0.0,
        "efficiencyRaw": 5.804147236829051,
        "efficiencyRaw_err": 0.2329036951553092,
        "efficiencyMuon": 0.466316102787975,
        "efficiencyMuon_err": 0.067860416822726,
        "efficiencyFake": 0.4444925228939852,
        "efficiencyFake_err": 0.06626072028384514,
        "efficiencyMuon_corrected": 0.021921017176280623,
        "efficiencyMuon_corrected_err": 0.014745992968439337,
        "noiseGammaRate": 9.181041092761939,
        "noiseGammaRate_err": 1.2590087204308125,
        "muonStreamerProbability": 0.0,
        "gammaStreamerProbability": 0.0
    },
    "HV9": {
        "muonCLS": 1.0638297872340425,
        "muonCLS_err": 0.0,
        "muonCMP": 1.0681818181818181,
        "muonCMP_err": 0.0,
        "gammaCLS": 1.0759162303664922,
        "gammaCLS_err": 0.0018809724307105036,
        "gammaCMP": 1.180226570545829,
        "gammaCMP_err": 0.002059732234809486,
        "efficiencyRaw": 5.200239091452481,
        "efficiencyRaw_err": 0.22161118763153767,
        "efficiencyMuon": 0.43833432954771867,
        "efficiencyMuon_err": 0.06593639877967147,
        "efficiencyFake": 0.39793199661334533,
        "efficiencyFake_err": 0.06283693779842735,
        "efficiencyMuon_corrected": 0.04056374907095263,
        "efficiencyMuon_corrected_err": 0.020098208492156686,
        "noiseGammaRate": 5.517853356884766,