{
    "input_parameters": {
        "scanType": "efficiency",
        "scanid": 874,
        "HVPoint": 7,
        "chamberName": "KODEL2D X (vertical strips)",
        "TDC_channel_PMT": -1,
        "muonTriggerWindow": 5000,
        "noiseRateTriggerWindow": 5000,
        "timeWindowReject": 100,
        "triggerWindow": 5000,
        "muonWindowWidth": 3,
        "muonClusterTimeWindow": 15,
        "muonClusterTimeWindowUp": 10,
        "muonClusterTimeWindowDw": 20,
        "stripArea": 64,
        "nStrips": 32
    },
    "output_parameters": {
        "muonWindowSigma": 10.532325714021212,
        "muonWindowMean": 4597.079081172976,
        "muonTimeWindowBegin": 4565.4821040309125,
        "muonTimeWindowEnd": 4628.676058315039,
        "muonTimeWindow": 63.19395428412645,
        "noiseGammaTimeWindowBegin": 100,
        "noiseGammaTimeWindow": 4900,
        "noiseGammaTimeWindowEnd": 5000,
        "muonCLS": 2.5635794039681903,
        "muonCMP": 1.2579830234438156,
        "muonCLS_err": 0.28709748657037304,
        "muonCMP_err": 0.15864995957962824,
        "gammaCLS": 1.2850929952808365,
        "gammaCMP": 1.477173318753417,
        "gammaCLS_err": 0.05443282691575013,
        "gammaCMP_err": 0.06533624931656656,
        "gammaCharge": -1,
        "gammaCharge_err": -1,
        "noiseGammaClusterRate": -1,
        "noiseGammaClusterRate_err": -1,
        "efficiencyRaw": 0.9946010797840432,
        "efficiencyMuon": 0.9894021195760848,
        "efficiencyFake": 0.012827096972819514,
        "efficiencyMuon_corrected": 0.9892644131626621,
        "efficiencyRaw_err": 0.0007327140053821238,
        "efficiencyMuon_err": 0.0010238881120856634,
        "efficiencyFake_err": 0.0011251680118968637,
        "efficiencyMuon_corrected_err": 0.0010304470083668427,
        "noiseGammaRate": 68.83846853504633,
        "noiseGammaRate_err": 6.61207379471945,
        "beamMean": 22.94357154217432,
        "beamSigma": 3.622152556213893,
        "muonStreamerProbability": 0.0,
        "gammaStreamerProbability": 0.0
    }
}