{
    "input_parameters": {
        "scanType": "efficiency",
        "scanid": 874,
        "HVPoint": 3,
        "chamberName": "KODEL-E (1.4 mm)",
        "TDC_channel_PMT": -1.0,
        "muonTriggerWindow": 5000,
        "noiseRateTriggerWindow": 5000,
        "timeWindowReject": 100,
        "triggerWindow": 5000,
        "muonWindowWidth": 3,
        "muonClusterTimeWindow": 30,
        "muonClusterTimeWindowUp": 25,
        "muonClusterTimeWindowDw": 35,
        "stripArea": 128,
        "nStrips": 16
    },
    "output_parameters": {
        "muonWindowSigma": 13.47119775011114,
        "muonWindowMean": 4615.268080540855,
        "muonTimeWindowBegin": 4574.854487290522,
        "muonTimeWindowEnd": 4655.681673791189,
        "muonTimeWindow": 80.82718650066636,
        "noiseGammaTimeWindowBegin": 100,
        "noiseGammaTimeWindow": 4900,
        "noiseGammaTimeWindowEnd": 5000,
        "muonCLS": 2.5160944206008584,
        "muonCMP": 1.0940134457368478,
        "muonCLS_err": 0.5049451924704984,
        "muonCMP_err": 0.2746771956034575,
        "gammaCLS": 1.17328727691422,
        "gammaCMP": 1.71301775147929,
        "gammaCLS_err": 0.014674428705010234,
        "gammaCMP_err": 0.021696252465483346,
        "muonStreamerProbability": 0.05039496050394961,
        "gammaStreamerProbability": 0.0005898834980091432,
        "efficiencyRaw": 0.990418026745288,
        "efficiencyMuon": 0.9867326524165526,
        "efficiencyFake": 0.01633554933649868,
        "efficiencyMuon_corrected": 0.9865123238168276,
        "efficiencyRaw_err": 0.0009996397710266714,
        "efficiencyMuon_err": 0.0011740824179857065,
        "efficiencyFake_err": 0.0013007599031396324,
        "efficiencyMuon_corrected_err": 0.0011836589978456765,
        "beamMean": 8.602029477879697,
        "beamSigma": 1.9953232866900308,
        "noiseGammaRate": 39.95576022942746,
        "noiseGammaRate_err": 5.429057709571486
    }
}