{
    "input_parameters": {
        "scanType": "efficiency",
        "scanid": 874,
        "HVPoint": 2,
        "chamberName": "KODEL-E (1.4 mm)",
        "TDC_channel_PMT": -1.0,
        "muonTriggerWindow": 5000,
        "noiseRateTriggerWindow": 5000,
        "timeWindowReject": 100,
        "triggerWindow": 5000,
        "muonWindowWidth": 3,
        "muonClusterTimeWindow": 30,
        "muonClusterTimeWindowUp": 25,
        "muonClusterTimeWindowDw": 35,
        "stripArea": 128,
        "nStrips": 16
    },
    "output_parameters": {
        "muonWindowSigma": 13.47119775011114,
        "muonWindowMean": 4615.268080540855,
        "muonTimeWindowBegin": 4574.854487290522,
        "muonTimeWindowEnd": 4655.681673791189,
        "muonTimeWindow": 80.82718650066636,
        "noiseGammaTimeWindowBegin": 100,
        "noiseGammaTimeWindow": 4900,
        "noiseGammaTimeWindowEnd": 5000,
        "muonCLS": 2.511582824464476,
        "muonCMP": 1.0926710442702816,
        "muonCLS_err": 0.5000939252252272,
        "muonCMP_err": 0.27165854691802593,
        "gammaCLS": 1.1392641405820978,
        "gammaCMP": 1.7482718894009217,
        "gammaCLS_err": 0.012651461860989421,
        "gammaCMP_err": 0.01920122887864828,
        "muonStreamerProbability": 0.05461561294152568,
        "gammaStreamerProbability": 0.0008869179600886918,
        "efficiencyRaw": 0.991941391941392,
        "efficiencyMuon": 0.9881737310308739,
        "efficiencyFake": 0.01636068831292122,
        "efficiencyMuon_corrected": 0.9879770269156462,
        "efficiencyRaw_err": 0.0009146557684468454,
        "efficiencyMuon_err": 0.0011059237447912681,
        "efficiencyFake_err": 0.0012977868772409205,
        "efficiencyMuon_corrected_err": 0.00111497213771341,
        "beamMean": 8.597716856793811,
        "beamSigma": 1.9975317961986883,
        "noiseGammaRate": 50.97704352121082,
        "noiseGammaRate_err": 6.053232136275914
    }
}