{
    "input_parameters": {
        "scanType": "efficiency",
        "scanid": 874,
        "HVPoint": 7,
        "chamberName": "SHiP X",
        "TDC_channel_PMT": -1,
        "muonTriggerWindow": 5000,
        "noiseRateTriggerWindow": 5000,
        "timeWindowReject": 50,
        "triggerWindow": 5000,
        "muonWindowWidth": 3,
        "muonClusterTimeWindow": 15,
        "muonClusterTimeWindowUp": 10,
        "muonClusterTimeWindowDw": 20,
        "stripArea": 70,
        "nStrips": 32
    },
    "output_parameters": {
        "muonWindowSigma": 64.61596353242996,
        "muonWindowMean": 261.31019459320214,
        "muonTimeWindowBegin": 67.46230399591227,
        "muonTimeWindowEnd": 455.158085190492,
        "muonTimeWindow": 387.6957811945797,
        "noiseGammaTimeWindowBegin": 50,
        "noiseGammaTimeWindow": 4950,
        "noiseGammaTimeWindowEnd": 5000,
        "muonCLS": 1.0454545454545454,
        "muonCMP": 1.0476190476190477,
        "muonCLS_err": 0.0,
        "muonCMP_err": 0.0,
        "gammaCLS": 1.1128472222222223,
        "gammaCMP": 1.2190476190476192,
        "gammaCLS_err": 0.0038775164537359075,
        "gammaCMP_err": 0.004232804232804366,
        "gammaCharge": -1,
        "gammaCharge_err": -1,
        "noiseGammaClusterRate": -1,
        "noiseGammaClusterRate_err": -1,
        "efficiencyRaw": 0.09348130373925215,
        "efficiencyMuon": 0.00629874025194961,
        "efficiencyFake": 0.007157234088775089,
        "efficiencyMuon_corrected": 0.0,
        "efficiencyRaw_err": 0.002910766298924871,
        "efficiencyMuon_err": 0.0007910634968367599,
        "efficiencyFake_err": 0.0008428871319185777,
        "efficiencyMuon_corrected_err": 0.0,
        "noiseGammaRate": 5.751118713713222,
        "noiseGammaRate_err": 1.0110842025766065,
        "beamMean": 3.311431837536849,
        "beamSigma": 0.43743274077978506,
        "muonStreamerProbability": 0.0,
        "gammaStreamerProbability": 0.0
    }
}