{
    "input_parameters": {
        "scanType": "efficiency",
        "scanid": 874,
        "HVPoint": 5,
        "chamberName": "SHiP X",
        "TDC_channel_PMT": -1,
        "muonTriggerWindow": 5000,
        "noiseRateTriggerWindow": 5000,
        "timeWindowReject": 50,
        "triggerWindow": 5000,
        "muonWindowWidth": 3,
        "muonClusterTimeWindow": 15,
        "muonClusterTimeWindowUp": 10,
        "muonClusterTimeWindowDw": 20,
        "stripArea": 70,
        "nStrips": 32
    },
    "output_parameters": {
        "muonWindowSigma": 64.61596353242996,
        "muonWindowMean": 261.31019459320214,
        "muonTimeWindowBegin": 67.46230399591227,
        "muonTimeWindowEnd": 455.158085190492,
        "muonTimeWindow": 387.6957811945797,
        "noiseGammaTimeWindowBegin": 50,
        "noiseGammaTimeWindow": 4950,
        "noiseGammaTimeWindowEnd": 5000,
        "muonCLS": 1.0238095238095237,
        "muonCMP": 1.105263157894737,
        "muonCLS_err": 0.0,
        "muonCMP_err": 0.0,
        "gammaCLS": 1.059136605558841,
        "gammaCMP": 1.1598079561042525,
        "gammaCLS_err": 0.0025112901139510146,
        "gammaCMP_err": 0.002743484224965842,
        "gammaCharge": -1,
        "gammaCharge_err": -1,
        "noiseGammaClusterRate": -1,
        "noiseGammaClusterRate_err": -1,
        "efficiencyRaw": 0.04883396452062986,
        "efficiencyMuon": 0.003787123779150887,
        "efficiencyFake": 0.003746735341724969,
        "efficiencyMuon_corrected": 4.054033131803263e-05,
        "efficiencyRaw_err": 0.0021515533052788214,
        "efficiencyMuon_err": 0.0006131881832843984,
        "efficiencyFake_err": 0.000609922056405389,
        "efficiencyMuon_corrected_err": 6.356203528864386e-05,
        "noiseGammaRate": 7.998315128792969,
        "noiseGammaRate_err": 1.1317037568723172,
        "beamMean": 2.3420052620393172,
        "beamSigma": 2.1001300268314953,
        "muonStreamerProbability": 0.0,
        "gammaStreamerProbability": 0.0
    }
}