{
    "input_parameters": {
        "scanType": "efficiency",
        "scanid": 874,
        "HVPoint": 7,
        "chamberName": "KODEL-E (1.4 mm)",
        "TDC_channel_PMT": -1.0,
        "muonTriggerWindow": 5000,
        "noiseRateTriggerWindow": 5000,
        "timeWindowReject": 100,
        "triggerWindow": 5000,
        "muonWindowWidth": 3,
        "muonClusterTimeWindow": 30,
        "muonClusterTimeWindowUp": 25,
        "muonClusterTimeWindowDw": 35,
        "stripArea": 128,
        "nStrips": 16
    },
    "output_parameters": {
        "muonWindowSigma": 13.47119775011114,
        "muonWindowMean": 4615.268080540855,
        "muonTimeWindowBegin": 4577.768080540855,
        "muonTimeWindowEnd": 4652.768080540855,
        "muonTimeWindow": 75.0,
        "noiseGammaTimeWindowBegin": 100,
        "noiseGammaTimeWindow": 4900,
        "noiseGammaTimeWindowEnd": 5000,
        "muonCLS": 2.529406017975772,
        "muonCMP": 1.092189500640205,
        "muonCLS_err": 0.5164220341474404,
        "muonCMP_err": 0.28019632949210416,
        "gammaCLS": 1.150153217568948,
        "gammaCMP": 1.6516237874314634,
        "gammaCLS_err": 0.014786441667763217,
        "gammaCMP_err": 0.02150991142977654,
        "muonStreamerProbability": 0.04999000199960008,
        "gammaStreamerProbability": 0.0009450855551134102,
        "efficiencyRaw": 0.9907387918332983,
        "efficiencyMuon": 0.986318669753736,
        "efficiencyFake": 0.015162758431092915,
        "efficiencyMuon_corrected": 0.9861080291556921,
        "efficiencyRaw_err": 0.0009826659187814639,
        "efficiencyMuon_err": 0.0011916954385253504,
        "efficiencyFake_err": 0.0012536139795274806,
        "efficiencyMuon_corrected_err": 0.0012007059590428094,
        "beamMean": 8.572869390766995,
        "beamSigma": 1.9950660111186824,
        "noiseGammaRate": 44.69207399165791,
        "noiseGammaRate_err": 5.64638620438838
    }
}