{
    "input_parameters": {
        "scanType": "efficiency",
        "scanid": 874,
        "HVPoint": 1,
        "chamberName": "KODEL-H (1.4 mm)",
        "TDC_channel_PMT": -1,
        "muonTriggerWindow": 5000,
        "noiseRateTriggerWindow": 5000,
        "timeWindowReject": 100,
        "triggerWindow": 5000,
        "muonWindowWidth": 3,
        "muonClusterTimeWindow": 15,
        "muonClusterTimeWindowUp": 10,
        "muonClusterTimeWindowDw": 20,
        "stripArea": 77.7,
        "nStrips": 32
    },
    "output_parameters": {
        "muonWindowSigma": 10.39295298666458,
        "muonWindowMean": 4606.813530734686,
        "muonTimeWindowBegin": 4569.313530734686,
        "muonTimeWindowEnd": 4644.313530734686,
        "muonTimeWindow": 75.0,
        "noiseGammaTimeWindowBegin": 100,
        "noiseGammaTimeWindow": 4900,
        "noiseGammaTimeWindowEnd": 5000,
        "muonCLS": 1.6914893617021276,
        "muonCMP": 1.141780104712042,
        "muonCLS_err": 0.14960673337910468,
        "muonCMP_err": 0.11078534031413612,
        "gammaCLS": 1.2687193841847446,
        "gammaCMP": 1.358365019011407,
        "gammaCLS_err": 0.056820988462819466,
        "gammaCMP_err": 0.0636882129277565,
        "muonStreamerProbability": 0.015081901717938474,
        "gammaStreamerProbability": 0.0013933814381686988,
        "efficiencyRaw": 0.9737349153229895,
        "efficiencyMuon": 0.9684616164689179,
        "efficiencyFake": 0.014904105846780454,
        "efficiencyMuon_corrected": 0.9679844533732503,
        "efficiencyRaw_err": 0.0016104575978482293,
        "efficiencyMuon_err": 0.0017599504553959975,
        "efficiencyFake_err": 0.001220202015941948,
        "efficiencyMuon_corrected_err": 0.0017727772604546463,
        "beamMean": 12.827492608568168,
        "beamSigma": 2.9237567349235163,
        "noiseGammaRate": 7.415633817188608,
        "noiseGammaRate_err": 2.43138051634108
    }
}