{
    "input_parameters": {
        "scanType": "efficiency",
        "scanid": 874,
        "HVPoint": 1,
        "chamberName": "KODEL-H (1.4 mm)",
        "TDC_channel_PMT": -1,
        "muonTriggerWindow": 5000,
        "noiseRateTriggerWindow": 5000,
        "timeWindowReject": 100,
        "triggerWindow": 5000,
        "muonWindowWidth": 3,
        "muonClusterTimeWindow": 15,
        "muonClusterTimeWindowUp": 10,
        "muonClusterTimeWindowDw": 20,
        "stripArea": 77.7,
        "nStrips": 32
    },
    "output_parameters": {
        "muonWindowSigma": 10.392929706297792,
        "muonWindowMean": 4606.813513031409,
        "muonTimeWindowBegin": 4575.634723912515,
        "muonTimeWindowEnd": 4637.992302150302,
        "muonTimeWindow": 62.35757823778658,
        "noiseGammaTimeWindowBegin": 100,
        "noiseGammaTimeWindow": 4900,
        "noiseGammaTimeWindowEnd": 5000,
        "muonCLS": 1.692427862525271,
        "muonCMP": 1.1397151235860914,
        "muonCLS_err": 0.14983635569890374,
        "muonCMP_err": 0.11070381231671544,
        "gammaCLS": 1.2687193841847446,
        "gammaCMP": 1.358365019011407,
        "gammaCLS_err": 0.056820988462819466,
        "gammaCMP_err": 0.0636882129277565,
        "gammaCharge": -1,
        "gammaCharge_err": -1,
        "noiseGammaClusterRate": -1,
        "noiseGammaClusterRate_err": -1,
        "efficiencyRaw": 0.9737349153229895,
        "efficiencyMuon": 0.9682587972822229,
        "efficiencyFake": 0.012391785952064858,
        "efficiencyMuon_corrected": 0.9678605318725746,
        "efficiencyRaw_err": 0.0016104575978482293,
        "efficiencyMuon_err": 0.0017654155018319972,
        "efficiencyFake_err": 0.0011140349574039984,
        "efficiencyMuon_corrected_err": 0.0017760911629407772,
        "noiseGammaRate": 7.415633817188608,
        "noiseGammaRate_err": 2.43138051634108,
        "beamMean": 12.827659191760684,
        "beamSigma": 2.9235539981664354,
        "muonStreamerProbability": 0.015081901717938474,
        "gammaStreamerProbability": 0.0013933814381686988
    }
}