{
    "input_parameters": {
        "scanType": "efficiency",
        "scanid": 874,
        "HVPoint": 3,
        "chamberName": "KODEL2D X (vertical strips)",
        "TDC_channel_PMT": -1,
        "muonTriggerWindow": 5000,
        "noiseRateTriggerWindow": 5000,
        "timeWindowReject": 100,
        "triggerWindow": 5000,
        "muonWindowWidth": 3,
        "muonClusterTimeWindow": 15,
        "muonClusterTimeWindowUp": 10,
        "muonClusterTimeWindowDw": 20,
        "stripArea": 64,
        "nStrips": 32
    },
    "output_parameters": {
        "muonWindowSigma": 10.532325714021212,
        "muonWindowMean": 4597.079081172976,
        "muonTimeWindowBegin": 4565.4821040309125,
        "muonTimeWindowEnd": 4628.676058315039,
        "muonTimeWindow": 63.19395428412645,
        "noiseGammaTimeWindowBegin": 100,
        "noiseGammaTimeWindow": 4900,
        "noiseGammaTimeWindowEnd": 5000,
        "muonCLS": 2.583346728821733,
        "muonCMP": 1.254866364094806,
        "muonCLS_err": 0.2938674211787382,
        "muonCMP_err": 0.16106908724155322,
        "gammaCLS": 1.2880917159763314,
        "gammaCMP": 1.4620167612868342,
        "gammaCLS_err": 0.05320428466982552,
        "gammaCMP_err": 0.06298999729656662,
        "gammaCharge": -1,
        "gammaCharge_err": -1,
        "noiseGammaClusterRate": -1,
        "noiseGammaClusterRate_err": -1,
        "efficiencyRaw": 0.9952004799520048,
        "efficiencyMuon": 0.9914008599140086,
        "efficiencyFake": 0.012834827272168918,
        "efficiencyMuon_corrected": 0.9912890564582729,
        "efficiencyRaw_err": 0.0006910866121260527,
        "efficiencyMuon_err": 0.0009232736561566526,
        "efficiencyFake_err": 0.0011255588655553594,
        "efficiencyMuon_corrected_err": 0.0009292039380233752,
        "noiseGammaRate": 68.24525083591908,
        "noiseGammaRate_err": 6.601881614460928,
        "beamMean": 22.925535953002676,
        "beamSigma": 3.6014164094107173,
        "muonStreamerProbability": 0.0,
        "gammaStreamerProbability": 0.0
    }
}