{
    "input_parameters": {
        "scanType": "efficiency",
        "scanid": 874,
        "HVPoint": 11,
        "chamberName": "KODEL2D Y (horizontal strips)",
        "TDC_channel_PMT": -1,
        "muonTriggerWindow": 5000,
        "noiseRateTriggerWindow": 5000,
        "timeWindowReject": 100,
        "triggerWindow": 5000,
        "muonWindowWidth": 3,
        "muonClusterTimeWindow": 15,
        "muonClusterTimeWindowUp": 10,
        "muonClusterTimeWindowDw": 20,
        "stripArea": 64,
        "nStrips": 32
    },
    "output_parameters": {
        "muonWindowSigma": 10.631203915330532,
        "muonWindowMean": 4539.50256838884,
        "muonTimeWindowBegin": 4507.608956642848,
        "muonTimeWindowEnd": 4571.396180134831,
        "muonTimeWindow": 63.78722349198324,
        "noiseGammaTimeWindowBegin": 100,
        "noiseGammaTimeWindow": 4900,
        "noiseGammaTimeWindowEnd": 5000,
        "muonCLS": 1.7067607182117992,
        "muonCMP": 1.1363731001457422,
        "muonCLS_err": 0.05199564138437229,
        "muonCMP_err": 0.03570684988548822,
        "gammaCLS": 1.4145700337964702,
        "gammaCMP": 1.42102454642476,
        "gammaCLS_err": 0.0600213103157079,
        "gammaCMP_err": 0.06296691568836699,
        "gammaCharge": -1,
        "gammaCharge_err": -1,
        "noiseGammaClusterRate": -1,
        "noiseGammaClusterRate_err": -1,
        "efficiencyRaw": 0.9562949109164288,
        "efficiencyMuon": 0.9455655084161827,
        "efficiencyFake": 0.012445012355670174,
        "efficiencyMuon_corrected": 0.9448795335299122,
        "efficiencyRaw_err": 0.0020283198788249666,
        "efficiencyMuon_err": 0.002250906297983605,
        "efficiencyFake_err": 0.0010998990559029664,
        "efficiencyMuon_corrected_err": 0.002264222923653414,
        "noiseGammaRate": 18.551876400703602,
        "noiseGammaRate_err": 3.6634952156274916,
        "beamMean": 16.01510310429965,
        "beamSigma": 2.0434920343477847,
        "muonStreamerProbability": 0.0,
        "gammaStreamerProbability": 0.0
    }
}