{
    "input_parameters": {
        "scanType": "efficiency",
        "scanid": 874,
        "HVPoint": 9,
        "chamberName": "KODEL-H (1.4 mm)",
        "TDC_channel_PMT": -1,
        "muonTriggerWindow": 5000,
        "noiseRateTriggerWindow": 5000,
        "timeWindowReject": 100,
        "triggerWindow": 5000,
        "muonWindowWidth": 3,
        "muonClusterTimeWindow": 15,
        "muonClusterTimeWindowUp": 10,
        "muonClusterTimeWindowDw": 20,
        "stripArea": 77.7,
        "nStrips": 32
    },
    "output_parameters": {
        "muonWindowSigma": 10.392929706297792,
        "muonWindowMean": 4606.813513031409,
        "muonTimeWindowBegin": 4575.634723912515,
        "muonTimeWindowEnd": 4637.992302150302,
        "muonTimeWindow": 62.35757823778658,
        "noiseGammaTimeWindowBegin": 100,
        "noiseGammaTimeWindow": 4900,
        "noiseGammaTimeWindowEnd": 5000,
        "muonCLS": 1.6797819173103135,
        "muonCMP": 1.1438519904375843,
        "muonCLS_err": 0.14337899177839852,
        "muonCMP_err": 0.10674566053424805,
        "gammaCLS": 1.2939944134078212,
        "gammaCMP": 1.4039215686274509,
        "gammaCLS_err": 0.04281277937676098,
        "gammaCMP_err": 0.04803921568627456,
        "gammaCharge": -1,
        "gammaCharge_err": -1,
        "noiseGammaClusterRate": -1,
        "noiseGammaClusterRate_err": -1,
        "efficiencyRaw": 0.976050929668553,
        "efficiencyMuon": 0.972210994341148,
        "efficiencyFake": 0.012418687679258265,
        "efficiencyMuon_corrected": 0.9718615517404334,
        "efficiencyRaw_err": 0.001536918103097619,
        "efficiencyMuon_err": 0.0016522924724898906,
        "efficiencyFake_err": 0.001113254452725915,
        "efficiencyMuon_corrected_err": 0.0016623498524812059,
        "noiseGammaRate": 7.562661745213886,
        "noiseGammaRate_err": 2.448706532280288,
        "beamMean": 12.845621605579987,
        "beamSigma": 2.9343334395839116,
        "muonStreamerProbability": 0.014146244271767285,
        "gammaStreamerProbability": 0.0020840569642236887
    }
}