{
    "input_parameters": {
        "scanType": "efficiency",
        "scanid": 874,
        "HVPoint": 9,
        "chamberName": "KODEL-H (1.4 mm)",
        "TDC_channel_PMT": -1,
        "muonTriggerWindow": 5000,
        "noiseRateTriggerWindow": 5000,
        "timeWindowReject": 100,
        "triggerWindow": 5000,
        "muonWindowWidth": 3,
        "muonClusterTimeWindow": 15,
        "muonClusterTimeWindowUp": 10,
        "muonClusterTimeWindowDw": 20,
        "stripArea": 77.7,
        "nStrips": 32
    },
    "output_parameters": {
        "muonWindowSigma": 10.39295298666458,
        "muonWindowMean": 4606.813530734686,
        "muonTimeWindowBegin": 4569.313530734686,
        "muonTimeWindowEnd": 4644.313530734686,
        "muonTimeWindow": 75.0,
        "noiseGammaTimeWindowBegin": 100,
        "noiseGammaTimeWindow": 4900,
        "noiseGammaTimeWindowEnd": 5000,
        "muonCLS": 1.6791904891550957,
        "muonCMP": 1.145188110579921,
        "muonCLS_err": 0.14328943495072943,
        "muonCMP_err": 0.10683849511536048,
        "gammaCLS": 1.2939944134078212,
        "gammaCMP": 1.4039215686274509,
        "gammaCLS_err": 0.04281277937676098,
        "gammaCMP_err": 0.04803921568627456,
        "muonStreamerProbability": 0.014146244271767285,
        "gammaStreamerProbability": 0.0020840569642236887,
        "efficiencyRaw": 0.976050929668553,
        "efficiencyMuon": 0.9723120452708165,
        "efficiencyFake": 0.014936461650141057,
        "efficiencyMuon_corrected": 0.9718922144092702,
        "efficiencyRaw_err": 0.001536918103097619,
        "efficiencyMuon_err": 0.0016493712788854381,
        "efficiencyFake_err": 0.0012193437115328811,
        "efficiencyMuon_corrected_err": 0.0016614700777661886,
        "beamMean": 12.845904893654474,
        "beamSigma": 2.9354507529497282,
        "noiseGammaRate": 7.562661745213886,
        "noiseGammaRate_err": 2.448706532280288
    }
}