{
    "input_parameters": {
        "scanType": "efficiency",
        "scanid": 874,
        "HVPoint": 3,
        "chamberName": "KODEL-E (1.4 mm)",
        "TDC_channel_PMT": -1.0,
        "muonTriggerWindow": 5000,
        "noiseRateTriggerWindow": 5000,
        "timeWindowReject": 100,
        "triggerWindow": 5000,
        "muonWindowWidth": 3,
        "muonClusterTimeWindow": 30,
        "muonClusterTimeWindowUp": 25,
        "muonClusterTimeWindowDw": 35,
        "stripArea": 128,
        "nStrips": 16
    },
    "output_parameters": {
        "muonWindowSigma": 13.47119775011114,
        "muonWindowMean": 4615.268080540855,
        "muonTimeWindowBegin": 4577.768080540855,
        "muonTimeWindowEnd": 4652.768080540855,
        "muonTimeWindow": 75.0,
        "noiseGammaTimeWindowBegin": 100,
        "noiseGammaTimeWindow": 4900,
        "noiseGammaTimeWindowEnd": 5000,
        "muonCLS": 2.517527585196758,
        "muonCMP": 1.0928396115676022,
        "muonCLS_err": 0.5055094799993176,
        "muonCMP_err": 0.27457048340625323,
        "gammaCLS": 1.17328727691422,
        "gammaCMP": 1.71301775147929,
        "gammaCLS_err": 0.014674428705010234,
        "gammaCMP_err": 0.021696252465483346,
        "muonStreamerProbability": 0.05039496050394961,
        "gammaStreamerProbability": 0.0005898834980091432,
        "efficiencyRaw": 0.990418026745288,
        "efficiencyMuon": 0.9867326524165526,
        "efficiencyFake": 0.015157847913304524,
        "efficiencyMuon_corrected": 0.9865284527522138,
        "efficiencyRaw_err": 0.0009996397710266714,
        "efficiencyMuon_err": 0.0011740824179857065,
        "efficiencyFake_err": 0.0012537440006467838,
        "efficiencyMuon_corrected_err": 0.001182960730353497,
        "beamMean": 8.601579925346565,
        "beamSigma": 1.994722888395695,
        "noiseGammaRate": 39.95576022942746,
        "noiseGammaRate_err": 5.429057709571486
    }
}