{
    "input_parameters": {
        "scanType": "efficiency",
        "scanid": 874,
        "HVPoint": 4,
        "chamberName": "SHiP X",
        "TDC_channel_PMT": -1,
        "muonTriggerWindow": 5000,
        "noiseRateTriggerWindow": 5000,
        "timeWindowReject": 50,
        "triggerWindow": 5000,
        "muonWindowWidth": 3,
        "muonClusterTimeWindow": 15,
        "muonClusterTimeWindowUp": 10,
        "muonClusterTimeWindowDw": 20,
        "stripArea": 70,
        "nStrips": 32
    },
    "output_parameters": {
        "muonWindowSigma": 64.61596353242996,
        "muonWindowMean": 261.31019459320214,
        "muonTimeWindowBegin": 67.46230399591227,
        "muonTimeWindowEnd": 455.158085190492,
        "muonTimeWindow": 387.6957811945797,
        "noiseGammaTimeWindowBegin": 50,
        "noiseGammaTimeWindow": 4950,
        "noiseGammaTimeWindowEnd": 5000,
        "muonCLS": 1.0857142857142856,
        "muonCMP": 1.09375,
        "muonCLS_err": 0.0,
        "muonCMP_err": 0.0,
        "gammaCLS": 1.077856420626896,
        "gammaCMP": 1.259872611464968,
        "gammaCLS_err": 0.0021752904553520302,
        "gammaCMP_err": 0.002547770700636942,
        "gammaCharge": -1,
        "gammaCharge_err": -1,
        "noiseGammaClusterRate": -1,
        "noiseGammaClusterRate_err": -1,
        "efficiencyRaw": 0.039432963961265846,
        "efficiencyMuon": 0.0031945692323050814,
        "efficiencyFake": 0.003018113077285942,
        "efficiencyMuon_corrected": 0.00017699033185426173,
        "efficiencyRaw_err": 0.001944575068931957,
        "efficiencyMuon_err": 0.0005638226430525093,
        "efficiencyFake_err": 0.00054807822845667,
        "efficiencyMuon_corrected_err": 0.00013291301159390885,
        "noiseGammaRate": 4.7537564843735725,
        "noiseGammaRate_err": 0.891775603853882,
        "beamMean": -30.08651878318754,
        "beamSigma": 8.155246526274436,
        "muonStreamerProbability": 0.0,
        "gammaStreamerProbability": 0.0
    }
}