{
    "chamberName": "KODEL-E (1.4 mm)",
    "scanid": 874,
    "HV1": {
        "muonCLS": 2.496623935805852,
        "muonCLS_err": 0.5065303320617023,
        "muonCMP": 1.0915402691732536,
        "muonCMP_err": 0.2778252510147403,
        "gammaCLS": 1.1440135787961876,
        "gammaCLS_err": 0.011972235126936903,
        "gammaCMP": 1.643209611671315,
        "gammaCMP_err": 0.017378245011800075,
        "efficiencyRaw": 99.15665190807505,
        "efficiencyRaw_err": 0.09389074827181665,
        "efficiencyMuon": 98.69281045751634,
        "efficiencyMuon_err": 0.11661931348952168,
        "efficiencyFake": 1.5175425008713164,
        "efficiencyFake_err": 0.12551866455350227,
        "efficiencyMuon_corrected": 98.6726676245917,
        "efficiencyMuon_corrected_err": 0.11750239490744027,
        "noiseGammaRate": 43.488897464150774,
        "noiseGammaRate_err": 5.684101347283564,
        "muonStreamerProbability": 5.253695565321614,
        "gammaStreamerProbability": 0.08957452102513062
    },
    "HV2": {
        "muonCLS": 2.51216910695239,
        "muonCLS_err": 0.5002097996603192,
        "muonCMP": 1.0921317377951922,
        "muonCMP_err": 0.27152388012284234,
        "gammaCLS": 1.1392641405820978,
        "gammaCLS_err": 0.012651461860989421,
        "gammaCMP": 1.7482718894009217,
        "gammaCMP_err": 0.01920122887864828,
        "efficiencyRaw": 99.19422352448723,
        "efficiencyRaw_err": 0.09145604418676101,
        "efficiencyMuon": 98.81749686061113,
        "efficiencyMuon_err": 0.11058087064174332,
        "efficiencyFake": 1.5181187585959455,
        "efficiencyFake_err": 0.1250814683425507,
        "efficiencyMuon_corrected": 98.7992683278559,
        "efficiencyMuon_corrected_err": 0.11141964664562246,
        "noiseGammaRate": 50.97704352121082,
        "noiseGammaRate_err": 6.053232136275914,
        "muonStreamerProbability": 5.451667161373305,
        "gammaStreamerProbability": 0.08869179600886917
    },
    "HV3": {
        "muonCLS": 2.517527585196758,
        "muonCLS_err": 0.5055094799993176,
        "muonCMP": 1.0928396115676022,
        "muonCMP_err": 0.27457048340625323,
        "gammaCLS": 1.17328727691422,
        "gammaCLS_err": 0.014674428705010234,
        "gammaCMP": 1.71301775147929,
        "gammaCMP_err": 0.021696252465483346,
        "efficiencyRaw": 99.0418026745288,
        "efficiencyRaw_err": 0.09996397710266713,
        "efficiencyMuon": 98.67326524165526,
        "efficiencyMuon_err": 0.11740824179857065,
        "efficiencyFake": 1.5157847913304525,
        "efficiencyFake_err": 0.12537440006467837,
        "efficiencyMuon_corrected": 98.65284527522138,
        "efficiencyMuon_corrected_err": 0.1182960730353497,
        "noiseGammaRate": 39.95576022942746,
        "noiseGammaRate_err": 5.429057709571486,
        "muonStreamerProbability": 5.039496050394961,
        "gammaStreamerProbability": 0.058988349800914316
    },
    "HV4": {
        "muonCLS": 2.5051465542593863,
        "muonCLS_err": 0.4889729842396622,
        "muonCMP": 1.087178940637323,
        "muonCMP_err": 0.2636683363529788,
        "gammaCLS": 1.1503790489317711,
        "gammaCLS_err": 0.013011918923594434,
        "gammaCMP": 1.724096958174905,
        "gammaCMP_err": 0.019724334600760285,
        "efficiencyRaw": 99.04311251314407,
        "efficiencyRaw_err": 0.09982798824437084,
        "efficiencyMuon": 98.66456361724501,
        "efficiencyMuon_err": 0.11770690575211153,
        "efficiencyFake": 1.5158050601944246,
        "efficiencyFake_err": 0.1252895032536439,
        "efficiencyMuon_corrected": 98.64400944377803,
        "efficiencyMuon_corrected_err": 0.11859692590552735,
        "noiseGammaRate": 41.14949842932571,
        "noiseGammaRate_err": 5.524053629423497,
        "muonStreamerProbability": 5.061395627433363,
        "gammaStreamerProbability": 0.06428006329113924
    },
    "HV5": {
        "muonCLS": 2.516053706946877,
        "muonCLS_err": 0.5056362304639412,
        "muonCMP": 1.0941026186927827,
        "muonCMP_err": 0.275175644028103,
        "gammaCLS": 1.1645940014630578,
        "gammaCLS_err": 0.016958476664903355,
        "gammaCMP": 1.6851577909270217,
        "gammaCMP_err": 0.02490138067061154,
        "efficiencyRaw": 99.24274295330248,
        "efficiencyRaw_err": 0.08890505495344192,
        "efficiencyMuon": 98.80100967606226,
        "efficiencyMuon_err": 0.1116204949666522,
        "efficiencyFake": 1.518860594300825,
        "efficiencyFake_err": 0.12542696198975756,
        "efficiencyMuon_corrected": 98.78251781897201,
        "efficiencyMuon_corrected_err": 0.11246742867046344,
        "noiseGammaRate": 39.29300580389683,
        "noiseGammaRate_err": 5.470240827229944,
        "muonStreamerProbability": 5.242176599561491,
        "gammaStreamerProbability": 0.039613765783609804
    },
    "HV6": {
        "muonCLS": 2.509892262487757,
        "muonCLS_err": 0.4957446557912233,
        "muonCMP": 1.0942021219590612,
        "muonCMP_err": 0.269317329332333,
        "gammaCLS": 1.1646145610278373,
        "gammaCLS_err": 0.014317138688114905,
        "gammaCMP": 1.6296619411123228,
        "gammaCMP_err": 0.02028353326063259,
        "efficiencyRaw": 98.98487892566354,
        "efficiencyRaw_err": 0.10307815953154358,
        "efficiencyMuon": 98.66765358993338,
        "efficiencyMuon_err": 0.11790148731745514,
        "efficiencyFake": 1.5150746774336254,
        "efficiencyFake_err": 0.12561028622706186,
        "efficiencyMuon_corrected": 98.64715700834132,
        "efficiencyMuon_corrected_err": 0.11879257333307305,
        "noiseGammaRate": 43.17819251636321,
        "noiseGammaRate_err": 5.644761369300797,
        "muonStreamerProbability": 5.439456054394561,
        "gammaStreamerProbability": 0.07960595054480323
    },
    "HV7": {
        "muonCLS": 2.529406017975772,
        "muonCLS_err": 0.5164220341474404,
        "muonCMP": 1.092189500640205,
        "muonCMP_err": 0.28019632949210416,
        "gammaCLS": 1.150153217568948,
        "gammaCLS_err": 0.014786441667763217,
        "gammaCMP": 1.6516237874314634,
        "gammaCMP_err": 0.02150991142977654,
        "efficiencyRaw": 99.07387918332982,
        "efficiencyRaw_err": 0.09826659187814639,
        "efficiencyMuon": 98.63186697537361,
        "efficiencyMuon_err": 0.11916954385253503,
        "efficiencyFake": 1.5162758431092915,
        "efficiencyFake_err": 0.12536139795274806,
        "efficiencyMuon_corrected": 98.61080291556921,
        "efficiencyMuon_corrected_err": 0.12007059590428094,
        "noiseGammaRate": 44.69207399165791,
        "noiseGammaRate_err": 5.64638620438838,
        "muonStreamerProbability": 4.999000199960008,
        "gammaStreamerProbability": 0.09450855551134102
    },
    "HV8": {
        "muonCLS": 2.511007208260277,
        "muonCLS_err": 0.4934757063427688,
        "muonCMP": 1.0906193562094975,
        "muonCMP_err": 0.26675873791564864,
        "gammaCLS": 1.165878096298358,
        "gammaCLS_err": 0.01220142320554607,
        "gammaCMP": 1.5648954703832754,
        "gammaCMP_err": 0.016550522648083543,
        "efficiencyRaw": 99.03664921465969,
        "efficiencyRaw_err": 0.09995131474475859,
        "efficiencyMuon": 98.56544502617801,
        "efficiencyMuon_err": 0.12168001527019599,
        "efficiencyFake": 1.5157068062827226,
        "efficiencyFake_err": 0.12502285173555314,
        "efficiencyMuon_corrected": 98.54336673666303,
        "efficiencyMuon_corrected_err": 0.12259905531175087,
        "noiseGammaRate": 41.52505785950292,
        "noiseGammaRate_err": 5.399358236418665,
        "muonStreamerProbability": 5.248536561166783,
        "gammaStreamerProbability": 0.06461874937866587
    },
    "HV9": {
        "muonCLS": 2.5306503985043785,
        "muonCLS_err": 0.5125242214798962,
        "muonCMP": 1.0855586413159581,
        "muonCMP_err": 0.2756889553514206,
        "gammaCLS": 1.1896107613050944,
        "gammaCLS_err": 0.01909541351573929,