{
    "input_parameters": {
        "scanType": "efficiency",
        "scanid": 874,
        "HVPoint": 5,
        "chamberName": "KODEL2D X (vertical strips)",
        "TDC_channel_PMT": -1,
        "muonTriggerWindow": 5000,
        "noiseRateTriggerWindow": 5000,
        "timeWindowReject": 100,
        "triggerWindow": 5000,
        "muonWindowWidth": 3,
        "muonClusterTimeWindow": 15,
        "muonClusterTimeWindowUp": 10,
        "muonClusterTimeWindowDw": 20,
        "stripArea": 64,
        "nStrips": 32
    },
    "output_parameters": {
        "muonWindowSigma": 10.532325714021212,
        "muonWindowMean": 4597.079081172976,
        "muonTimeWindowBegin": 4565.4821040309125,
        "muonTimeWindowEnd": 4628.676058315039,
        "muonTimeWindow": 63.19395428412645,
        "noiseGammaTimeWindowBegin": 100,
        "noiseGammaTimeWindow": 4900,
        "noiseGammaTimeWindowEnd": 5000,
        "muonCLS": 2.5787917532363753,
        "muonCMP": 1.2576884422110552,
        "muonCLS_err": 0.2871428397297713,
        "muonCMP_err": 0.1575879396984925,
        "gammaCLS": 1.2517701149425287,
        "gammaCMP": 1.4461436170212767,
        "gammaCLS_err": 0.055338404624370785,
        "gammaCMP_err": 0.06688829787234041,
        "gammaCharge": -1,
        "gammaCharge_err": -1,
        "noiseGammaClusterRate": -1,
        "noiseGammaClusterRate_err": -1,
        "efficiencyRaw": 0.9960135539166832,
        "efficiencyMuon": 0.9916284632250348,
        "efficiencyFake": 0.012842742658776314,
        "efficiencyMuon_corrected": 0.9915195510009086,
        "efficiencyRaw_err": 0.0006290548617008362,
        "efficiencyMuon_err": 0.0009095781902907511,
        "efficiencyFake_err": 0.0011240484035891858,
        "efficiencyMuon_corrected_err": 0.0009154255213707551,
        "noiseGammaRate": 67.17133111600668,
        "noiseGammaRate_err": 6.465573760082556,
        "beamMean": 22.90222581220495,
        "beamSigma": 3.6074586472519905,
        "muonStreamerProbability": 0.0,
        "gammaStreamerProbability": 0.0
    }
}