{
    "input_parameters": {
        "scanType": "efficiency",
        "scanid": 874,
        "HVPoint": 6,
        "chamberName": "KODEL2D Y (horizontal strips)",
        "TDC_channel_PMT": -1,
        "muonTriggerWindow": 5000,
        "noiseRateTriggerWindow": 5000,
        "timeWindowReject": 100,
        "triggerWindow": 5000,
        "muonWindowWidth": 3,
        "muonClusterTimeWindow": 15,
        "muonClusterTimeWindowUp": 10,
        "muonClusterTimeWindowDw": 20,
        "stripArea": 64,
        "nStrips": 32
    },
    "output_parameters": {
        "muonWindowSigma": 10.631203915330532,
        "muonWindowMean": 4539.50256838884,
        "muonTimeWindowBegin": 4507.608956642848,
        "muonTimeWindowEnd": 4571.396180134831,
        "muonTimeWindow": 63.78722349198324,
        "noiseGammaTimeWindowBegin": 100,
        "noiseGammaTimeWindow": 4900,
        "noiseGammaTimeWindowEnd": 5000,
        "muonCLS": 1.70974930362117,
        "muonCMP": 1.1360759493670887,
        "muonCLS_err": 0.05023236057863212,
        "muonCMP_err": 0.034388185654008474,
        "gammaCLS": 1.3883424408014573,
        "gammaCMP": 1.4593301435406698,
        "gammaCLS_err": 0.05489247579096035,
        "gammaCMP_err": 0.06007442849548128,
        "gammaCharge": -1,
        "gammaCharge_err": -1,
        "noiseGammaClusterRate": -1,
        "noiseGammaClusterRate_err": -1,
        "efficiencyRaw": 0.9582041795820418,
        "efficiencyMuon": 0.9479052094790521,
        "efficiencyFake": 0.012469806102108143,
        "efficiencyMuon_corrected": 0.9472473947198273,
        "efficiencyRaw_err": 0.0020011228178454174,
        "efficiencyMuon_err": 0.002222070784717583,
        "efficiencyFake_err": 0.0011096431286684457,
        "efficiencyMuon_corrected_err": 0.0022352801041297496,
        "noiseGammaRate": 18.894633236398196,
        "noiseGammaRate_err": 3.7007282106873896,
        "beamMean": 16.032693270571638,
        "beamSigma": 2.046462997607181,
        "muonStreamerProbability": 0.0,
        "gammaStreamerProbability": 0.0
    }
}