{
    "input_parameters": {
        "scanType": "efficiency",
        "scanid": 874,
        "HVPoint": 3,
        "chamberName": "KODEL-H (1.4 mm)",
        "TDC_channel_PMT": -1,
        "muonTriggerWindow": 5000,
        "noiseRateTriggerWindow": 5000,
        "timeWindowReject": 100,
        "triggerWindow": 5000,
        "muonWindowWidth": 3,
        "muonClusterTimeWindow": 15,
        "muonClusterTimeWindowUp": 10,
        "muonClusterTimeWindowDw": 20,
        "stripArea": 77.7,
        "nStrips": 32
    },
    "output_parameters": {
        "muonWindowSigma": 10.39295298666458,
        "muonWindowMean": 4606.813530734686,
        "muonTimeWindowBegin": 4569.313530734686,
        "muonTimeWindowEnd": 4644.313530734686,
        "muonTimeWindow": 75.0,
        "noiseGammaTimeWindowBegin": 100,
        "noiseGammaTimeWindow": 4900,
        "noiseGammaTimeWindowEnd": 5000,
        "muonCLS": 1.7055874578434054,
        "muonCMP": 1.1426934694302677,
        "muonCLS_err": 0.15285324491501773,
        "muonCMP_err": 0.11248828247057596,
        "gammaCLS": 1.518348623853211,
        "gammaCMP": 1.3005219985085756,
        "gammaCLS_err": 0.06180296928775442,
        "gammaCMP_err": 0.055182699478001584,
        "muonStreamerProbability": 0.0131986801319868,
        "gammaStreamerProbability": 0.0021629061593668583,
        "efficiencyRaw": 0.9783159387982572,
        "efficiencyMuon": 0.9728442598034248,
        "efficiencyFake": 0.014974223553034547,
        "efficiencyMuon_corrected": 0.9724314420537021,
        "efficiencyRaw_err": 0.001466132774598273,
        "efficiencyMuon_err": 0.0016361228439136395,
        "efficiencyFake_err": 0.0012225295897578298,
        "efficiencyMuon_corrected_err": 0.0016481621891023754,
        "beamMean": 12.768121946015336,
        "beamSigma": 2.9541586972950165,
        "noiseGammaRate": 10.707208508246257,
        "noiseGammaRate_err": 2.730419226969335
    }
}