{
    "input_parameters": {
        "scanType": "efficiency",
        "scanid": 874,
        "HVPoint": 3,
        "chamberName": "KODEL-H (1.4 mm)",
        "TDC_channel_PMT": -1,
        "muonTriggerWindow": 5000,
        "noiseRateTriggerWindow": 5000,
        "timeWindowReject": 100,
        "triggerWindow": 5000,
        "muonWindowWidth": 3,
        "muonClusterTimeWindow": 15,
        "muonClusterTimeWindowUp": 10,
        "muonClusterTimeWindowDw": 20,
        "stripArea": 77.7,
        "nStrips": 32
    },
    "output_parameters": {
        "muonWindowSigma": 10.392929706297792,
        "muonWindowMean": 4606.813513031409,
        "muonTimeWindowBegin": 4575.634723912515,
        "muonTimeWindowEnd": 4637.992302150302,
        "muonTimeWindow": 62.35757823778658,
        "noiseGammaTimeWindowBegin": 100,
        "noiseGammaTimeWindow": 4900,
        "noiseGammaTimeWindowEnd": 5000,
        "muonCLS": 1.7067141032658275,
        "muonCMP": 1.1417560670763462,
        "muonCLS_err": 0.15332652438837813,
        "muonCMP_err": 0.11269659410478061,
        "gammaCLS": 1.518348623853211,
        "gammaCMP": 1.3005219985085756,
        "gammaCLS_err": 0.06180296928775442,
        "gammaCMP_err": 0.055182699478001584,
        "gammaCharge": -1,
        "gammaCharge_err": -1,
        "noiseGammaClusterRate": -1,
        "noiseGammaClusterRate_err": -1,
        "efficiencyRaw": 0.9783181357649443,
        "efficiencyMuon": 0.9727456940222897,
        "efficiencyFake": 0.012450112182124088,
        "efficiencyMuon_corrected": 0.9724020970343763,
        "efficiencyRaw_err": 0.0014659858762956445,
        "efficiencyMuon_err": 0.0016389233617074715,
        "efficiencyFake_err": 0.0011161114872417768,
        "efficiencyMuon_corrected_err": 0.0016489307185082378,
        "noiseGammaRate": 10.707208508246257,
        "noiseGammaRate_err": 2.730419226969335,
        "beamMean": 12.767672879726755,
        "beamSigma": 2.952526651741981,
        "muonStreamerProbability": 0.013098690130986902,
        "gammaStreamerProbability": 0.0021629061593668583
    }
}