{
    "input_parameters": {
        "scanType": "efficiency",
        "scanid": 874,
        "HVPoint": 10,
        "chamberName": "KODEL-E (1.4 mm)",
        "TDC_channel_PMT": -1.0,
        "muonTriggerWindow": 5000,
        "noiseRateTriggerWindow": 5000,
        "timeWindowReject": 100,
        "triggerWindow": 5000,
        "muonWindowWidth": 3,
        "muonClusterTimeWindow": 30,
        "muonClusterTimeWindowUp": 25,
        "muonClusterTimeWindowDw": 35,
        "stripArea": 128,
        "nStrips": 16
    },
    "output_parameters": {
        "muonWindowSigma": 13.47119775011114,
        "muonWindowMean": 4615.268080540855,
        "muonTimeWindowBegin": 4574.854487290522,
        "muonTimeWindowEnd": 4655.681673791189,
        "muonTimeWindow": 80.82718650066636,
        "noiseGammaTimeWindowBegin": 100,
        "noiseGammaTimeWindow": 4900,
        "noiseGammaTimeWindowEnd": 5000,
        "muonCLS": 2.527753644174148,
        "muonCMP": 1.0905358458785135,
        "muonCLS_err": 0.5044960332948403,
        "muonCMP_err": 0.27192336035372144,
        "gammaCLS": 1.1889478452180666,
        "gammaCMP": 1.5987999172356715,
        "gammaCLS_err": 0.0282403278459884,
        "gammaCMP_err": 0.03889923442996057,
        "muonStreamerProbability": 0.052729955730447614,
        "gammaStreamerProbability": 0.0007499250074992501,
        "efficiencyRaw": 0.9908609409076747,
        "efficiencyMuon": 0.9864991172499741,
        "efficiencyFake": 0.01634287916850579,
        "efficiencyMuon_corrected": 0.9862748080971411,
        "efficiencyRaw_err": 0.0009697649957469262,
        "efficiencyMuon_err": 0.0011760853493191566,
        "efficiencyFake_err": 0.001292098319475633,
        "efficiencyMuon_corrected_err": 0.0011856802599756395,
        "beamMean": 8.577603306483491,
        "beamSigma": 1.966021435504157,
        "noiseGammaRate": 45.80364832804588,
        "noiseGammaRate_err": 5.876599915931013
    }
}