{
    "input_parameters": {
        "scanType": "efficiency",
        "scanid": 874,
        "HVPoint": 9,
        "chamberName": "SHiP X",
        "TDC_channel_PMT": -1,
        "muonTriggerWindow": 5000,
        "noiseRateTriggerWindow": 5000,
        "timeWindowReject": 50,
        "triggerWindow": 5000,
        "muonWindowWidth": 3,
        "muonClusterTimeWindow": 15,
        "muonClusterTimeWindowUp": 10,
        "muonClusterTimeWindowDw": 20,
        "stripArea": 70,
        "nStrips": 32
    },
    "output_parameters": {
        "muonWindowSigma": 64.61596353242996,
        "muonWindowMean": 261.31019459320214,
        "muonTimeWindowBegin": 67.46230399591227,
        "muonTimeWindowEnd": 455.158085190492,
        "muonTimeWindow": 387.6957811945797,
        "noiseGammaTimeWindowBegin": 50,
        "noiseGammaTimeWindow": 4950,
        "noiseGammaTimeWindowEnd": 5000,
        "muonCLS": 1.0638297872340425,
        "muonCMP": 1.0681818181818181,
        "muonCLS_err": 0.0,
        "muonCMP_err": 0.0,
        "gammaCLS": 1.0759162303664922,
        "gammaCMP": 1.180226570545829,
        "gammaCLS_err": 0.0018809724307105036,
        "gammaCMP_err": 0.002059732234809486,
        "gammaCharge": -1,
        "gammaCharge_err": -1,
        "noiseGammaClusterRate": -1,
        "noiseGammaClusterRate_err": -1,
        "efficiencyRaw": 0.052002390914524806,
        "efficiencyMuon": 0.004383343295477187,
        "efficiencyFake": 0.003979319966133453,
        "efficiencyMuon_corrected": 0.00040563749070952627,
        "efficiencyRaw_err": 0.002216111876315377,
        "efficiencyMuon_err": 0.0006593639877967147,
        "efficiencyFake_err": 0.0006283693779842735,
        "efficiencyMuon_corrected_err": 0.00020098208492156687,
        "noiseGammaRate": 5.517853356884766,
        "noiseGammaRate_err": 1.052342750447277,
        "beamMean": -32.52144222325364,
        "beamSigma": 8.636900332359716,
        "muonStreamerProbability": 0.0,
        "gammaStreamerProbability": 0.0
    }
}