{
    "input_parameters": {
        "scanType": "efficiency",
        "scanid": 874,
        "HVPoint": 8,
        "chamberName": "SHiP X",
        "TDC_channel_PMT": -1,
        "muonTriggerWindow": 5000,
        "noiseRateTriggerWindow": 5000,
        "timeWindowReject": 50,
        "triggerWindow": 5000,
        "muonWindowWidth": 3,
        "muonClusterTimeWindow": 15,
        "muonClusterTimeWindowUp": 10,
        "muonClusterTimeWindowDw": 20,
        "stripArea": 70,
        "nStrips": 32
    },
    "output_parameters": {
        "muonWindowSigma": 64.61596353242996,
        "muonWindowMean": 261.31019459320214,
        "muonTimeWindowBegin": 67.46230399591227,
        "muonTimeWindowEnd": 455.158085190492,
        "muonTimeWindow": 387.6957811945797,
        "noiseGammaTimeWindowBegin": 50,
        "noiseGammaTimeWindow": 4950,
        "noiseGammaTimeWindowEnd": 5000,
        "muonCLS": 1.18,
        "muonCMP": 1.0638297872340425,
        "muonCLS_err": 0.023137254901960613,
        "muonCMP_err": 0.02127659574468077,
        "gammaCLS": 1.0475703324808183,
        "gammaCMP": 1.1372891215823153,
        "gammaCLS_err": 0.0,
        "gammaCMP_err": 0.0,
        "gammaCharge": -1,
        "gammaCharge_err": -1,
        "noiseGammaClusterRate": -1,
        "noiseGammaClusterRate_err": -1,
        "efficiencyRaw": 0.058041472368290506,
        "efficiencyMuon": 0.00466316102787975,
        "efficiencyFake": 0.004444925228939852,
        "efficiencyMuon_corrected": 0.00021921017176280625,
        "efficiencyRaw_err": 0.002329036951553092,
        "efficiencyMuon_err": 0.0006786041682272601,
        "efficiencyFake_err": 0.0006626072028384514,
        "efficiencyMuon_corrected_err": 0.00014745992968439337,
        "noiseGammaRate": 9.181041092761939,
        "noiseGammaRate_err": 1.2590087204308125,
        "beamMean": -0.5454539355268413,
        "beamSigma": 2.8578540152853673,
        "muonStreamerProbability": 0.0,
        "gammaStreamerProbability": 0.0
    }
}