{
    "input_parameters": {
        "scanType": "efficiency",
        "scanid": 874,
        "HVPoint": 2,
        "chamberName": "KODEL-E (1.4 mm)",
        "TDC_channel_PMT": -1.0,
        "muonTriggerWindow": 5000,
        "noiseRateTriggerWindow": 5000,
        "timeWindowReject": 100,
        "triggerWindow": 5000,
        "muonWindowWidth": 3,
        "muonClusterTimeWindow": 30,
        "muonClusterTimeWindowUp": 25,
        "muonClusterTimeWindowDw": 35,
        "stripArea": 128,
        "nStrips": 16
    },
    "output_parameters": {
        "muonWindowSigma": 13.47119775011114,
        "muonWindowMean": 4615.268080540855,
        "muonTimeWindowBegin": 4577.768080540855,
        "muonTimeWindowEnd": 4652.768080540855,
        "muonTimeWindow": 75.0,
        "noiseGammaTimeWindowBegin": 100,
        "noiseGammaTimeWindow": 4900,
        "noiseGammaTimeWindowEnd": 5000,
        "muonCLS": 2.51216910695239,
        "muonCMP": 1.0921317377951922,
        "muonCLS_err": 0.5002097996603192,
        "muonCMP_err": 0.27152388012284234,
        "gammaCLS": 1.1392641405820978,
        "gammaCMP": 1.7482718894009217,
        "gammaCLS_err": 0.012651461860989421,
        "gammaCMP_err": 0.01920122887864828,
        "muonStreamerProbability": 0.05451667161373305,
        "gammaStreamerProbability": 0.0008869179600886918,
        "efficiencyRaw": 0.9919422352448724,
        "efficiencyMuon": 0.9881749686061113,
        "efficiencyFake": 0.015181187585959455,
        "efficiencyMuon_corrected": 0.987992683278559,
        "efficiencyRaw_err": 0.0009145604418676101,
        "efficiencyMuon_err": 0.0011058087064174332,
        "efficiencyFake_err": 0.001250814683425507,
        "efficiencyMuon_corrected_err": 0.0011141964664562246,
        "beamMean": 8.597838802762402,
        "beamSigma": 1.9977721070823034,
        "noiseGammaRate": 50.97704352121082,
        "noiseGammaRate_err": 6.053232136275914
    }
}