{
    "input_parameters": {
        "scanType": "efficiency",
        "scanid": 874,
        "HVPoint": 1,
        "chamberName": "KODEL2D X (vertical strips)",
        "TDC_channel_PMT": -1,
        "muonTriggerWindow": 5000,
        "noiseRateTriggerWindow": 5000,
        "timeWindowReject": 100,
        "triggerWindow": 5000,
        "muonWindowWidth": 3,
        "muonClusterTimeWindow": 15,
        "muonClusterTimeWindowUp": 10,
        "muonClusterTimeWindowDw": 20,
        "stripArea": 64,
        "nStrips": 32
    },
    "output_parameters": {
        "muonWindowSigma": 10.532325714021212,
        "muonWindowMean": 4597.079081172976,
        "muonTimeWindowBegin": 4565.4821040309125,
        "muonTimeWindowEnd": 4628.676058315039,
        "muonTimeWindow": 63.19395428412645,
        "noiseGammaTimeWindowBegin": 100,
        "noiseGammaTimeWindow": 4900,
        "noiseGammaTimeWindowEnd": 5000,
        "muonCLS": 2.5455554674490526,
        "muonCMP": 1.2720395400443816,
        "muonCLS_err": 0.2765421793517948,
        "muonCMP_err": 0.15503328626185198,
        "gammaCLS": 1.2900610549494544,
        "gammaCMP": 1.493423019431988,
        "gammaCLS_err": 0.05784308171809682,
        "gammaCMP_err": 0.0701046337817639,
        "gammaCharge": -1,
        "gammaCharge_err": -1,
        "noiseGammaClusterRate": -1,
        "noiseGammaClusterRate_err": -1,
        "efficiencyRaw": 0.994107071514183,
        "efficiencyMuon": 0.9902117459049141,
        "efficiencyFake": 0.012820725883835532,
        "efficiencyMuon_corrected": 0.9900846235818216,
        "efficiencyRaw_err": 0.0007649300924347477,
        "efficiencyMuon_err": 0.0009839119464786893,
        "efficiencyFake_err": 0.0011243302650515174,
        "efficiencyMuon_corrected_err": 0.0009902169143281277,
        "noiseGammaRate": -1,
        "noiseGammaRate_err": -1,
        "beamMean": -1,
        "beamSigma": -1,
        "muonStreamerProbability": -1,
        "gammaStreamerProbability": -1
    }
}