{
    "chamberName": "RE-1 B (2 mm)",
    "scanid": 874,
    "HV1": {
        "muonCLS": 0.0,
        "muonCLS_err": 0.0,
        "muonCMP": 0.0,
        "muonCMP_err": 0.0,
        "gammaCLS": 1.0,
        "gammaCLS_err": 0.0,
        "gammaCMP": 1.5,
        "gammaCMP_err": 0.0,
        "efficiencyRaw": 0.06991610067918498,
        "efficiencyRaw_err": 0.026416562587583174,
        "efficiencyMuon": 0.0,
        "efficiencyMuon_err": 0.0,
        "efficiencyFake": 2.141748211000074e-05,
        "efficiencyFake_err": 0.0004625127820297557,
        "efficiencyMuon_corrected": 0.0,
        "efficiencyMuon_corrected_err": 0.0,
        "noiseGammaRate": 0.19390627944762256,
        "noiseGammaRate_err": 0.1496821603746613,
        "muonStreamerProbability": 0.0,
        "gammaStreamerProbability": 0.0
    },
    "HV2": {
        "muonCLS": 0.0,
        "muonCLS_err": 0.0,
        "muonCMP": 0.0,
        "muonCMP_err": 0.0,
        "gammaCLS": 1.0,
        "gammaCLS_err": 0.0,
        "gammaCMP": 1.0909090909090908,
        "gammaCMP_err": 0.0,
        "efficiencyRaw": 0.03957653111704759,
        "efficiencyRaw_err": 0.01978434941647901,
        "efficiencyMuon": 0.0,
        "efficiencyMuon_err": 0.0,
        "efficiencyFake": 1.2123525753598066e-05,
        "efficiencyFake_err": 0.00034634052465242393,
        "efficiencyMuon_corrected": 0.0,
        "efficiencyMuon_corrected_err": 0.0,
        "noiseGammaRate": 0.19199540209411067,
        "noiseGammaRate_err": 0.15473193596790832,
        "muonStreamerProbability": 0.0,
        "gammaStreamerProbability": 0.0
    },
    "HV3": {
        "muonCLS": 0.0,
        "muonCLS_err": 0.0,
        "muonCMP": 0.0,
        "muonCMP_err": 0.0,
        "gammaCLS": 1.1666666666666667,
        "gammaCLS_err": 0.0,
        "gammaCMP": 1.3333333333333333,
        "gammaCMP_err": 0.0,
        "efficiencyRaw": 0.039996000399960006,
        "efficiencyRaw_err": 0.01999400059990001,
        "efficiencyMuon": 0.0,
        "efficiencyMuon_err": 0.0,
        "efficiencyFake": 1.2252022276933872e-05,
        "efficiencyFake_err": 0.0003500113669046157,
        "efficiencyMuon_corrected": 0.0,
        "efficiencyMuon_corrected_err": 0.0,
        "noiseGammaRate": 0.22346611281931397,
        "noiseGammaRate_err": 0.16622229176180853,
        "muonStreamerProbability": 0.0,
        "gammaStreamerProbability": 0.0
    },
    "HV4": {
        "muonCLS": 0.0,
        "muonCLS_err": 0.0,
        "muonCMP": 0.0,
        "muonCMP_err": 0.0,
        "gammaCLS": 1.0714285714285714,
        "gammaCLS_err": 0.0,
        "gammaCMP": 1.1666666666666667,
        "gammaCMP_err": 0.0,
        "efficiencyRaw": 0.06988120195667365,
        "efficiencyRaw_err": 0.02640338133270406,
        "efficiencyMuon": 0.0,
        "efficiencyMuon_err": 0.0,
        "efficiencyFake": 2.1406791542909794e-05,
        "efficiencyFake_err": 0.00046228191813211915,
        "efficiencyMuon_corrected": 0.0,
        "efficiencyMuon_corrected_err": 0.0,
        "noiseGammaRate": 0.24083679573155506,
        "noiseGammaRate_err": 0.16755295956077604,
        "muonStreamerProbability": 0.0,
        "gammaStreamerProbability": 0.0
    },
    "HV5": {
        "muonCLS": 0.0,
        "muonCLS_err": 0.0,
        "muonCMP": 0.0,
        "muonCMP_err": 0.0,
        "gammaCLS": 1.0,
        "gammaCLS_err": 0.0,
        "gammaCMP": 1.0,
        "gammaCMP_err": 0.0,
        "efficiencyRaw": 0.029898345624875422,
        "efficiencyRaw_err": 0.017259237202948162,
        "efficiencyMuon": 0.0,
        "efficiencyMuon_err": 0.0,
        "efficiencyFake": 9.15879570397765e-06,
        "efficiencyFake_err": 0.00030212183766672546,
        "efficiencyMuon_corrected": 0.0,
        "efficiencyMuon_corrected_err": 0.0,
        "noiseGammaRate": 0.09647305485268572,
        "noiseGammaRate_err": 0.08019686396723408,
        "muonStreamerProbability": 0.0,
        "gammaStreamerProbability": 0.0
    },
    "HV6": {
        "muonCLS": 0.0,
        "muonCLS_err": 0.0,
        "muonCMP": 0.0,
        "muonCMP_err": 0.0,
        "gammaCLS": 1.1666666666666667,
        "gammaCLS_err": 0.0,
        "gammaCMP": 1.0,
        "gammaCMP_err": 0.0,
        "efficiencyRaw": 0.07999200079992001,
        "efficiencyRaw_err": 0.028270129394086737,
        "efficiencyMuon": 0.0,
        "efficiencyMuon_err": 0.0,
        "efficiencyFake": 2.1441038984634277e-05,
        "efficiencyFake_err": 0.0004630214951641328,
        "efficiencyMuon_corrected": 0.0,
        "efficiencyMuon_corrected_err": 0.0,
        "noiseGammaRate": 0.11308948537447895,
        "noiseGammaRate_err": 0.12166104995486811,
        "muonStreamerProbability": 0.0,
        "gammaStreamerProbability": 0.0
    },
    "HV7": {
        "muonCLS": 0.0,
        "muonCLS_err": 0.0,
        "muonCMP": 0.0,
        "muonCMP_err": 0.0,
        "gammaCLS": 1.0,
        "gammaCLS_err": 0.0,
        "gammaCMP": 1.0,
        "gammaCMP_err": 0.0,
        "efficiencyRaw": 0.0,
        "efficiencyRaw_err": 0.0,
        "efficiencyMuon": 0.0,
        "efficiencyMuon_err": 0.0,
        "efficiencyFake": 0.0,
        "efficiencyFake_err": 0.0,
        "efficiencyMuon_corrected": 0.0,
        "efficiencyMuon_corrected_err": 0.0,
        "noiseGammaRate": 0.1776678502640425,
        "noiseGammaRate_err": 0.10871982534444509,
        "muonStreamerProbability": 0.0,
        "gammaStreamerProbability": 0.0
    },
    "HV8": {
        "muonCLS": 0.0,
        "muonCLS_err": 0.0,
        "muonCMP": 0.0,
        "muonCMP_err": 0.0,
        "gammaCLS": 1.0909090909090908,
        "gammaCLS_err": 0.0,
        "gammaCMP": 1.2222222222222223,
        "gammaCMP_err": 0.0,
        "efficiencyRaw": 0.05952971524952872,
        "efficiencyRaw_err": 0.024295669680628264,
        "efficiencyMuon": 0.0,
        "efficiencyMuon_err": 0.0,
        "efficiencyFake": 1.823580833291234e-05,
        "efficiencyFake_err": 0.00042535715962007314,
        "efficiencyMuon_corrected": 0.0,
        "efficiencyMuon_corrected_err": 0.0,
        "noiseGammaRate": 0.19368459516353392,
        "noiseGammaRate_err": 0.14959657348184496,
        "muonStreamerProbability": 0.0,
        "gammaStreamerProbability": 0.0
    },
    "HV9": {
        "muonCLS": 0.0,
        "muonCLS_err": 0.0,
        "muonCMP": 0.0,
        "muonCMP_err": 0.0,
        "gammaCLS": 1.1666666666666667,
        "gammaCLS_err": 0.0,
        "gammaCMP": 1.0,
        "gammaCMP_err": 0.0,
        "efficiencyRaw": 0.0697350069735007,
        "efficiencyRaw_err": 0.026348163406557063,
        "efficiencyMuon": 0.0,
        "efficiencyMuon_err": 0.0,
        "efficiencyFake": 1.831029210872918e-05,
        "efficiencyFake_err": 0.0004270945218384232,
        "efficiencyMuon_corrected": 0.0,
        "efficiencyMuon_corrected_err": 0.0,
        "noiseGammaRate": 0.11278646189359662,
        "noiseGammaRate_err": 0.11587475889613619,
        "muonStreamerProbability": 0.0,
        "gammaStreamerProbability": 0.0
    },
    "HV10": {
        "muonCLS": 0.0,
        "muonCLS_err": 0.0,
        "muonCMP": 0.0,
        "muonCMP_err": 0.0,
        "gammaCLS": 1.0,
        "gammaCLS_err": 0.0,
        "gammaCMP": 1.0,
        "gammaCMP_err": 0.0,
        "efficiencyRaw": 0.029513034923757994,
        "efficiencyRaw_err": 0.017036844056351273,
        "efficiencyMuon": 0.0,
        "efficiencyMuon_err": 0.0,
        "efficiencyFake": 9.040763019548623e-06,
        "efficiencyFake_err": 0.00029822828538484986,
        "efficiencyMuon_corrected": 0.0,
        "efficiencyMuon_corrected_err": 0.0,
        "noiseGammaRate": 0.09740392674482488,
        "noiseGammaRate_err": 0.07527826761137733,
        "muonStreamerProbability": 0.0,
        "gammaStreamerProbability": 0.0
    },
    "HV11": {
        "muonCLS": 1.0,
        "muonCLS_err": 0.0,
        "muonCMP": 1.0,
        "muonCMP_err": 0.0,
        "gammaCLS": 1.0,
        "gammaCLS_err": 0.0,
        "gammaCMP": 1.1111111111111112,
        "gammaCMP_err": 0.0,