{
    "input_parameters": {
        "scanType": "efficiency",
        "scanid": 874,
        "HVPoint": 7,
        "chamberName": "KODEL-H (1.4 mm)",
        "TDC_channel_PMT": -1,
        "muonTriggerWindow": 5000,
        "noiseRateTriggerWindow": 5000,
        "timeWindowReject": 100,
        "triggerWindow": 5000,
        "muonWindowWidth": 3,
        "muonClusterTimeWindow": 15,
        "muonClusterTimeWindowUp": 10,
        "muonClusterTimeWindowDw": 20,
        "stripArea": 77.7,
        "nStrips": 32
    },
    "output_parameters": {
        "muonWindowSigma": 10.392929706297792,
        "muonWindowMean": 4606.813513031409,
        "muonTimeWindowBegin": 4575.634723912515,
        "muonTimeWindowEnd": 4637.992302150302,
        "muonTimeWindow": 62.35757823778658,
        "noiseGammaTimeWindowBegin": 100,
        "noiseGammaTimeWindow": 4900,
        "noiseGammaTimeWindowEnd": 5000,
        "muonCLS": 1.6961541958359851,
        "muonCMP": 1.1448943478713438,
        "muonCLS_err": 0.15037575520295832,
        "muonCMP_err": 0.11137712084938056,
        "gammaCLS": 1.3570205479452055,
        "gammaCMP": 1.4157575757575758,
        "gammaCLS_err": 0.0645041157319246,
        "gammaCMP_err": 0.06424242424242421,
        "gammaCharge": -1,
        "gammaCharge_err": -1,
        "noiseGammaClusterRate": -1,
        "noiseGammaClusterRate_err": -1,
        "efficiencyRaw": 0.9767230037445602,
        "efficiencyMuon": 0.9722700131565631,
        "efficiencyFake": 0.01242981247400966,
        "efficiencyMuon_corrected": 0.9719209964074507,
        "efficiencyRaw_err": 0.0015168712739621257,
        "efficiencyMuon_err": 0.0016518394267794735,
        "efficiencyFake_err": 0.0011145917500781325,
        "efficiencyMuon_corrected_err": 0.0016619037917749552,
        "noiseGammaRate": 6.481117644758111,
        "noiseGammaRate_err": 2.3273069484015174,
        "beamMean": 12.824975669455402,
        "beamSigma": 2.9470117309004404,
        "muonStreamerProbability": 0.01209758048390322,
        "gammaStreamerProbability": 0.0015419816951850378
    }
}