{
    "input_parameters": {
        "scanType": "efficiency",
        "scanid": 874,
        "HVPoint": 7,
        "chamberName": "KODEL-H (1.4 mm)",
        "TDC_channel_PMT": -1,
        "muonTriggerWindow": 5000,
        "noiseRateTriggerWindow": 5000,
        "timeWindowReject": 100,
        "triggerWindow": 5000,
        "muonWindowWidth": 3,
        "muonClusterTimeWindow": 15,
        "muonClusterTimeWindowUp": 10,
        "muonClusterTimeWindowDw": 20,
        "stripArea": 77.7,
        "nStrips": 32
    },
    "output_parameters": {
        "muonWindowSigma": 10.39295298666458,
        "muonWindowMean": 4606.813530734686,
        "muonTimeWindowBegin": 4569.313530734686,
        "muonTimeWindowEnd": 4644.313530734686,
        "muonTimeWindow": 75.0,
        "noiseGammaTimeWindowBegin": 100,
        "noiseGammaTimeWindow": 4900,
        "noiseGammaTimeWindowEnd": 5000,
        "muonCLS": 1.6958140379551438,
        "muonCMP": 1.1462323064113238,
        "muonCLS_err": 0.15055506062600266,
        "muonCMP_err": 0.11167776852622824,
        "gammaCLS": 1.3570205479452055,
        "gammaCMP": 1.4157575757575758,
        "gammaCLS_err": 0.0645041157319246,
        "gammaCMP_err": 0.06424242424242421,
        "muonStreamerProbability": 0.01209758048390322,
        "gammaStreamerProbability": 0.0015419816951850378,
        "efficiencyRaw": 0.9767230037445602,
        "efficiencyMuon": 0.9723712174881085,
        "efficiencyFake": 0.014949841894049392,
        "efficiencyMuon_corrected": 0.971951902870595,
        "efficiencyRaw_err": 0.0015168712739621257,
        "efficiencyMuon_err": 0.001648908177306655,
        "efficiencyFake_err": 0.001220807033446685,
        "efficiencyMuon_corrected_err": 0.0016610153230274855,
        "beamMean": 12.824150954449298,
        "beamSigma": 2.948074208914686,
        "noiseGammaRate": 6.481117644758111,
        "noiseGammaRate_err": 2.3273069484015174
    }
}