{
    "input_parameters": {
        "scanType": "efficiency",
        "scanid": 874,
        "HVPoint": 6,
        "chamberName": "KODEL-E (1.4 mm)",
        "TDC_channel_PMT": -1.0,
        "muonTriggerWindow": 5000,
        "noiseRateTriggerWindow": 5000,
        "timeWindowReject": 100,
        "triggerWindow": 5000,
        "muonWindowWidth": 3,
        "muonClusterTimeWindow": 30,
        "muonClusterTimeWindowUp": 25,
        "muonClusterTimeWindowDw": 35,
        "stripArea": 128,
        "nStrips": 16
    },
    "output_parameters": {
        "muonWindowSigma": 13.47119775011114,
        "muonWindowMean": 4615.268080540855,
        "muonTimeWindowBegin": 4574.854487290522,
        "muonTimeWindowEnd": 4655.681673791189,
        "muonTimeWindow": 80.82718650066636,
        "noiseGammaTimeWindowBegin": 100,
        "noiseGammaTimeWindow": 4900,
        "noiseGammaTimeWindowEnd": 5000,
        "muonCLS": 2.5092456706780157,
        "muonCMP": 1.095380988104169,
        "muonCLS_err": 0.49534696631994724,
        "muonCMP_err": 0.26942449898188836,
        "gammaCLS": 1.1646145610278373,
        "gammaCMP": 1.6296619411123228,
        "gammaCLS_err": 0.014317138688114905,
        "gammaCMP_err": 0.02028353326063259,
        "muonStreamerProbability": 0.054394560543945605,
        "gammaStreamerProbability": 0.0007960595054480323,
        "efficiencyRaw": 0.9898487892566353,
        "efficiencyMuon": 0.9866765358993338,
        "efficiencyFake": 0.016327896468715276,
        "efficiencyMuon_corrected": 0.9864553807586529,
        "efficiencyRaw_err": 0.0010307815953154358,
        "efficiencyMuon_err": 0.0011790148731745515,
        "efficiencyFake_err": 0.0013032075941209259,
        "efficiencyMuon_corrected_err": 0.0011886265561039976,
        "beamMean": 8.556869659808292,
        "beamSigma": 2.005846625644824,
        "noiseGammaRate": 43.17819251636321,
        "noiseGammaRate_err": 5.644761369300797
    }
}