{
    "input_parameters": {
        "scanType": "efficiency",
        "scanid": 874,
        "HVPoint": 11,
        "chamberName": "KODEL2D X (vertical strips)",
        "TDC_channel_PMT": -1,
        "muonTriggerWindow": 5000,
        "noiseRateTriggerWindow": 5000,
        "timeWindowReject": 100,
        "triggerWindow": 5000,
        "muonWindowWidth": 3,
        "muonClusterTimeWindow": 15,
        "muonClusterTimeWindowUp": 10,
        "muonClusterTimeWindowDw": 20,
        "stripArea": 64,
        "nStrips": 32
    },
    "output_parameters": {
        "muonWindowSigma": 10.532325714021212,
        "muonWindowMean": 4597.079081172976,
        "muonTimeWindowBegin": 4565.4821040309125,
        "muonTimeWindowEnd": 4628.676058315039,
        "muonTimeWindow": 63.19395428412645,
        "noiseGammaTimeWindowBegin": 100,
        "noiseGammaTimeWindow": 4900,
        "noiseGammaTimeWindowEnd": 5000,
        "muonCLS": 2.596523403237381,
        "muonCMP": 1.2493524606495319,
        "muonCLS_err": 0.30722362820925975,
        "muonCMP_err": 0.16766288105200222,
        "gammaCLS": 1.268197779254057,
        "gammaCMP": 1.3956291390728477,
        "gammaCLS_err": 0.05503391180058448,
        "gammaCMP_err": 0.06331125827814565,
        "gammaCharge": -1,
        "gammaCharge_err": -1,
        "noiseGammaClusterRate": -1,
        "noiseGammaClusterRate_err": -1,
        "efficiencyRaw": 0.9931095580273649,
        "efficiencyMuon": 0.9880893788758736,
        "efficiencyFake": 0.012806591738666781,
        "efficiencyMuon_corrected": 0.9879348656256693,
        "efficiencyRaw_err": 0.0008207230684942778,
        "efficiencyMuon_err": 0.001076316109062308,
        "efficiencyFake_err": 0.0011155586952509686,
        "efficiencyMuon_corrected_err": 0.0010831902887216375,
        "noiseGammaRate": 65.81065153772292,
        "noiseGammaRate_err": 6.435939884345475,
        "beamMean": 22.870135271776572,
        "beamSigma": 3.635838629084137,
        "muonStreamerProbability": 0.0,
        "gammaStreamerProbability": 0.0
    }
}