{
    "input_parameters": {
        "scanType": "efficiency",
        "scanid": 874,
        "HVPoint": 6,
        "chamberName": "SHiP X",
        "TDC_channel_PMT": -1,
        "muonTriggerWindow": 5000,
        "noiseRateTriggerWindow": 5000,
        "timeWindowReject": 50,
        "triggerWindow": 5000,
        "muonWindowWidth": 3,
        "muonClusterTimeWindow": 15,
        "muonClusterTimeWindowUp": 10,
        "muonClusterTimeWindowDw": 20,
        "stripArea": 70,
        "nStrips": 32
    },
    "output_parameters": {
        "muonWindowSigma": 64.61596353242996,
        "muonWindowMean": 261.31019459320214,
        "muonTimeWindowBegin": 67.46230399591227,
        "muonTimeWindowEnd": 455.158085190492,
        "muonTimeWindow": 387.6957811945797,
        "noiseGammaTimeWindowBegin": 50,
        "noiseGammaTimeWindow": 4950,
        "noiseGammaTimeWindowEnd": 5000,
        "muonCLS": 1.0434782608695652,
        "muonCMP": 1.0952380952380953,
        "muonCLS_err": 0.0,
        "muonCMP_err": 0.0,
        "gammaCLS": 1.069406392694064,
        "gammaCMP": 1.2139689578713968,
        "gammaCLS_err": 0.0019496926029063388,
        "gammaCMP_err": 0.0022172949002217113,
        "gammaCharge": -1,
        "gammaCharge_err": -1,
        "noiseGammaClusterRate": -1,
        "noiseGammaClusterRate_err": -1,
        "efficiencyRaw": 0.048995100489951,
        "efficiencyMuon": 0.004199580041995801,
        "efficiencyFake": 0.003782592696628963,
        "efficiencyMuon_corrected": 0.0004185706275656911,
        "efficiencyRaw_err": 0.002158469866033993,
        "efficiencyMuon_err": 0.0006466471539352028,
        "efficiencyFake_err": 0.0006138328679966998,
        "efficiencyMuon_corrected_err": 0.000204536938188765,
        "noiseGammaRate": 5.254473760369575,
        "noiseGammaRate_err": 1.029075328303725,
        "beamMean": -20.31582533002124,
        "beamSigma": 5.72478067060089,
        "muonStreamerProbability": 0.0,
        "gammaStreamerProbability": 0.0
    }
}