{
    "input_parameters": {
        "scanType": "efficiency",
        "scanid": 874,
        "HVPoint": 7,
        "chamberName": "KODEL2D Y (horizontal strips)",
        "TDC_channel_PMT": -1,
        "muonTriggerWindow": 5000,
        "noiseRateTriggerWindow": 5000,
        "timeWindowReject": 100,
        "triggerWindow": 5000,
        "muonWindowWidth": 3,
        "muonClusterTimeWindow": 15,
        "muonClusterTimeWindowUp": 10,
        "muonClusterTimeWindowDw": 20,
        "stripArea": 64,
        "nStrips": 32
    },
    "output_parameters": {
        "muonWindowSigma": 10.631203915330532,
        "muonWindowMean": 4539.50256838884,
        "muonTimeWindowBegin": 4507.608956642848,
        "muonTimeWindowEnd": 4571.396180134831,
        "muonTimeWindow": 63.78722349198324,
        "noiseGammaTimeWindowBegin": 100,
        "noiseGammaTimeWindow": 4900,
        "noiseGammaTimeWindowEnd": 5000,
        "muonCLS": 1.6868162432783238,
        "muonCMP": 1.1356074963150138,
        "muonCLS_err": 0.047126264907739746,
        "muonCMP_err": 0.03263845020004208,
        "gammaCLS": 1.3801407928862541,
        "gammaCMP": 1.335477486392875,
        "gammaCLS_err": 0.06295550292868701,
        "gammaCMP_err": 0.06382978723404253,
        "gammaCharge": -1,
        "gammaCharge_err": -1,
        "noiseGammaClusterRate": -1,
        "noiseGammaClusterRate_err": -1,
        "efficiencyRaw": 0.9623075384923016,
        "efficiencyMuon": 0.9496100779844031,
        "efficiencyFake": 0.012523223201071269,
        "efficiencyMuon_corrected": 0.9489710308135607,
        "efficiencyRaw_err": 0.001904323684560951,
        "efficiencyMuon_err": 0.0021872633479522387,
        "efficiencyFake_err": 0.0011119316210031914,
        "efficiencyMuon_corrected_err": 0.0022003483911445455,
        "noiseGammaRate": 18.463658935271283,
        "noiseGammaRate_err": 3.599449916125574,
        "beamMean": 16.00183036971265,
        "beamSigma": 2.0175936226614275,
        "muonStreamerProbability": 0.0,
        "gammaStreamerProbability": 0.0
    }
}