{
    "input_parameters": {
        "scanType": "efficiency",
        "scanid": 874,
        "HVPoint": 11,
        "chamberName": "KODEL-E (1.4 mm)",
        "TDC_channel_PMT": -1.0,
        "muonTriggerWindow": 5000,
        "noiseRateTriggerWindow": 5000,
        "timeWindowReject": 100,
        "triggerWindow": 5000,
        "muonWindowWidth": 3,
        "muonClusterTimeWindow": 30,
        "muonClusterTimeWindowUp": 25,
        "muonClusterTimeWindowDw": 35,
        "stripArea": 128,
        "nStrips": 16
    },
    "output_parameters": {
        "muonWindowSigma": 13.47119775011114,
        "muonWindowMean": 4615.268080540855,
        "muonTimeWindowBegin": 4574.854487290522,
        "muonTimeWindowEnd": 4655.681673791189,
        "muonTimeWindow": 80.82718650066636,
        "noiseGammaTimeWindowBegin": 100,
        "noiseGammaTimeWindow": 4900,
        "noiseGammaTimeWindowEnd": 5000,
        "muonCLS": 2.507244986085788,
        "muonCMP": 1.0917757988475643,
        "muonCLS_err": 0.5089275864681972,
        "muonCMP_err": 0.2780513357778942,
        "gammaCLS": 1.175862803579037,
        "gammaCMP": 1.8476677819326903,
        "gammaCLS_err": 0.014474060812072365,
        "gammaCMP_err": 0.023026963196221217,
        "muonStreamerProbability": 0.049512747317649375,
        "gammaStreamerProbability": 0.0006424829494909558,
        "efficiencyRaw": 0.992854183927092,
        "efficiencyMuon": 0.9885045567522783,
        "efficiencyFake": 0.01637747148821264,
        "efficiencyMuon_corrected": 0.9883131557945158,
        "efficiencyRaw_err": 0.0008571760407684386,
        "efficiencyMuon_err": 0.0010848097256533078,
        "efficiencyFake_err": 0.0012916326987844986,
        "efficiencyMuon_corrected_err": 0.0010936976702122783,
        "beamMean": 8.60803989342142,
        "beamSigma": 1.995125024434634,
        "noiseGammaRate": 54.40027208277109,
        "noiseGammaRate_err": 6.399785865156236
    }
}